[Licensing::Module] Trying to connect to existing licensing client channel...
Built from '6000.3/staging' branch; Version is '6000.3.10f1 (e35f0c77bd8e) revision 14901004'; Using compiler version '194234433'; Build Type 'Release'
[Licensing::IpcConnector] Successfully connected to: "LicenseClient-n10746358" at "2026-05-25T03:19:43.1386529Z"
OS: 'Windows 11  (10.0.22631) Enterprise' Language: 'en' Physical Memory: 32493 MB
BatchMode: 1, IsHumanControllingUs: 0, StartBugReporterOnCrash: 0, Is64bit: 1
System  architecture: x64
Process architecture: x64
Date: 2026-05-25T03:19:43Z

COMMAND LINE ARGUMENTS:
C:\Program Files\Unity\Hub\Editor\6000.3.10f1\Editor\Unity.exe
-adb2
-batchMode
-noUpm
-name
AssetImportWorker0
-projectPath
C:/Users/n10746358/Documents/GitHub/IGB101-Practicals
-logFile
Logs/AssetImportWorker0.log
-srvPort
49993
-licensingIpc
LicenseClient-n10746358
-job-worker-count
7
-background-job-worker-count
8
-gc-helper-count
1
-name
AssetImport
Successfully changed project path to: C:/Users/n10746358/Documents/GitHub/IGB101-Practicals
C:/Users/n10746358/Documents/GitHub/IGB101-Practicals
[UnityMemory] Configuration Parameters - Can be set up in boot.config
    "memorysetup-temp-allocator-size-nav-mesh-worker=65536"
    "memorysetup-temp-allocator-size-audio-worker=65536"
    "memorysetup-temp-allocator-size-gfx=262144"
    "memorysetup-allocator-temp-initial-block-size-main=262144"
    "memorysetup-allocator-temp-initial-block-size-worker=262144"
    "memorysetup-temp-allocator-size-background-worker=32768"
    "memorysetup-temp-allocator-size-job-worker=262144"
    "memorysetup-temp-allocator-size-preload-manager=33554432"
    "memorysetup-temp-allocator-size-gi-baking-worker=262144"
    "memorysetup-temp-allocator-size-gi-baking-worker=262144"
    "memorysetup-temp-allocator-size-gi-baking-worker=262144"
    "memorysetup-temp-allocator-size-gi-baking-worker=262144"
    "memorysetup-temp-allocator-size-gi-baking-worker=262144"
    "memorysetup-bucket-allocator-granularity=16"
    "memorysetup-bucket-allocator-bucket-count=8"
    "memorysetup-bucket-allocator-block-size=33554432"
    "memorysetup-bucket-allocator-block-count=8"
    "memorysetup-main-allocator-block-size=16777216"
    "memorysetup-thread-allocator-block-size=16777216"
    "memorysetup-gfx-main-allocator-block-size=16777216"
    "memorysetup-gfx-thread-allocator-block-size=16777216"
    "memorysetup-cache-allocator-block-size=4194304"
    "memorysetup-typetree-allocator-block-size=2097152"
    "memorysetup-profiler-bucket-allocator-granularity=16"
    "memorysetup-profiler-bucket-allocator-bucket-count=8"
    "memorysetup-profiler-bucket-allocator-block-size=33554432"
    "memorysetup-profiler-bucket-allocator-block-count=8"
    "memorysetup-profiler-allocator-block-size=16777216"
    "memorysetup-profiler-editor-allocator-block-size=1048576"
    "memorysetup-temp-allocator-size-main=16777216"
    "memorysetup-job-temp-allocator-block-size=2097152"
    "memorysetup-job-temp-allocator-block-size-background=1048576"
    "memorysetup-job-temp-allocator-reduction-small-platforms=262144"
    "memorysetup-temp-allocator-size-cloud-worker=32768"
Player connection [17608]  Target information:

Player connection [17608]  * "[IP] 131.181.110.89 [Port] 0 [Flags] 2 [Guid] 3513292393 [EditorId] 3513292393 [Version] 1048832 [Id] WindowsEditor(7,LAB-GPS515-23) [Debug] 1 [PackageName] WindowsEditor [ProjectName] Editor" 

Player connection [17608] Host joined multi-casting on [225.0.0.222:54997]...
Player connection [17608] Host joined alternative multi-casting on [225.0.0.222:34997]...
JobSystem: Creating JobQueue using job-worker-count value 7
Input System module state changed to: Initialized.
[Physics::Module] Initialized fallback backend.
[Physics::Module] Id: 0xdecafbad
Library Redirect Path: Library/
[Physics::Module] Selected backend.
[Physics::Module] Name: PhysX
[Physics::Module] Id: 0xf2b8ea05
[Physics::Module] SDK Version: 4.1.2
[Physics::Module] Integration Version: 1.0.0
[Physics::Module] Threading Mode: Multi-Threaded
Refreshing native plugins compatible for Editor in 3.93 ms, found 3 plugins.
Preloading 0 native plugins for Editor in 0.00 ms.
Initialize engine version: 6000.3.10f1 (e35f0c77bd8e)
[Subsystems] Discovering subsystems at path C:/Program Files/Unity/Hub/Editor/6000.3.10f1/Editor/Data/Resources/UnitySubsystems
[Subsystems] Discovering subsystems at path C:/Users/n10746358/Documents/GitHub/IGB101-Practicals/Assets
GfxDevice: creating device client; kGfxThreadingModeNonThreaded
Direct3D:
    Version:  Direct3D 11.0 [level 11.1]
    Renderer: NVIDIA GeForce RTX 3090 (ID=0x2204)
    Vendor:   NVIDIA
    VRAM:     24326 MB
    Driver:   32.0.15.7247
Initialize mono
Mono path[0] = 'C:/Program Files/Unity/Hub/Editor/6000.3.10f1/Editor/Data/Managed'
Mono path[1] = 'C:/Program Files/Unity/Hub/Editor/6000.3.10f1/Editor/Data/MonoBleedingEdge/lib/mono/unityjit-win32'
Mono config path = 'C:/Program Files/Unity/Hub/Editor/6000.3.10f1/Editor/Data/MonoBleedingEdge/etc'
Using monoOptions --debugger-agent=transport=dt_socket,embedding=1,server=y,suspend=n,address=127.0.0.1:56132
Begin MonoManager ReloadAssembly
Registering precompiled unity dll's ...
Register platform support module: C:/Program Files/Unity/Hub/Editor/6000.3.10f1/Editor/Data/PlaybackEngines/WindowsStandaloneSupport/UnityEditor.WindowsStandalone.Extensions.dll
Registered in 0.002358 seconds.
- Loaded All Assemblies, in  0.433 seconds
Native extension for WindowsStandalone target not found
ScheduleIndexationOnStartup MainProcess:False IndexOnStartup:True
Mono: successfully reloaded assembly
- Finished resetting the current domain, in  0.467 seconds
Domain Reload Profiling: 896ms
	BeginReloadAssembly (137ms)
		ExecutionOrderSort (0ms)
		DisableScriptedObjects (0ms)
		BackupInstance (0ms)
		ReleaseScriptingObjects (0ms)
		CreateAndSetChildDomain (1ms)
	RebuildCommonClasses (44ms)
	RebuildNativeTypeToScriptingClass (12ms)
	initialDomainReloadingComplete (44ms)
	LoadAllAssembliesAndSetupDomain (191ms)
		LoadAssemblies (134ms)
		RebuildTransferFunctionScriptingTraits (0ms)
		AnalyzeDomain (188ms)
			TypeCache.Refresh (186ms)
				TypeCache.ScanAssembly (170ms)
			BuildScriptInfoCaches (0ms)
			ResolveRequiredComponents (1ms)
	FinalizeReload (467ms)
		ReleaseScriptCaches (0ms)
		RebuildScriptCaches (0ms)
		SetupLoadedEditorAssemblies (412ms)
			LogAssemblyErrors (0ms)
			InitializePlatformSupportModulesInManaged (48ms)
			SetLoadedEditorAssemblies (4ms)
			BeforeProcessingInitializeOnLoad (90ms)
			ProcessInitializeOnLoadAttributes (178ms)
			ProcessInitializeOnLoadMethodAttributes (92ms)
			AfterProcessingInitializeOnLoad (0ms)
			EditorAssembliesLoaded (0ms)
		ExecutionOrderSort2 (0ms)
		AwakeInstancesAfterBackupRestoration (0ms)
========================================================================
Worker process is ready to serve import requests
Import Worker Mode flag is 0x00
Begin MonoManager ReloadAssembly
[Licensing::Module] Licensing is not yet initialized.
[Licensing::Client] Error: HandshakeResponse reported an error:
	ResponseCode: 505
	ResponseStatus: Unsupported protocol version '1.17.4'.
[Licensing::Module] Error: Failed to handshake to channel: "LicenseClient-n10746358"
[Licensing::IpcConnector] LicenseClient-n10746358 channel disconnected successfully.
[Licensing::IpcConnector] Successfully connected to: "LicenseClient-n10746358-6000.3.10" at "2026-05-25T03:19:45.7733324Z"
[Licensing::Client] Handshaking with LicensingClient:
  Version:                 1.17.4+4293ba1
  Session Id:              60cac1b3de0f4d8a9ddee5e19cb03e5f
  Correlation Id:          48b7fd51bcf43c6083ad19b5f3445e7f
  External correlation Id: 3506598510178799521
  Machine Id:              yGpq+/7uMNtpd/NXIn+0247raCM=
[Licensing::Module] Successfully connected to LicensingClient on channel: "LicenseClient-n10746358-6000.3.10" (connect: 0.00s, validation: 0.00s, handshake: 2.38s)
[Licensing::IpcConnector] Successfully connected to: "LicenseClient-n10746358-6000.3.10-notifications" at "2026-05-25T03:19:48.156358Z"
[Licensing::Module] Licensing Background thread has ended after 5.02s
[Licensing::Module] Licensing is initialized (took 2.90s).
[Licensing::Client] Successfully resolved entitlement details
[Licensing::Module] License group:
  Id: 16767613764981-UnityPersXXXX
  Product: Unity Personal
  Type: Assigned
  Expiration: Unlimited
- Loaded All Assemblies, in  3.751 seconds
Refreshing native plugins compatible for Editor in 1.37 ms, found 3 plugins.
Native extension for WindowsStandalone target not found
Package Manager log level set to [2]
[Package Manager] Failed to launch server process. Reason: Unity was launched with the -noUpm command-line argument
[Package Manager] Unable to send message (not connected to server process).
[Package Manager] Cannot connect to Unity Package Manager local server
[MODES] ModeService[none].Initialize
[MODES] ModeService[none].LoadModes
[MODES] Loading mode Default (0) for mode-current-id-Blake
ScheduleIndexationOnStartup MainProcess:False IndexOnStartup:True
Mono: successfully reloaded assembly
- Finished resetting the current domain, in  0.795 seconds
Domain Reload Profiling: 4539ms
	BeginReloadAssembly (3112ms)
		ExecutionOrderSort (0ms)
		DisableScriptedObjects (8ms)
		BackupInstance (0ms)
		ReleaseScriptingObjects (0ms)
		CreateAndSetChildDomain (40ms)
	RebuildCommonClasses (43ms)
	RebuildNativeTypeToScriptingClass (17ms)
	initialDomainReloadingComplete (43ms)
	LoadAllAssembliesAndSetupDomain (528ms)
		LoadAssemblies (405ms)
		RebuildTransferFunctionScriptingTraits (0ms)
		AnalyzeDomain (239ms)
			TypeCache.Refresh (168ms)
				TypeCache.ScanAssembly (154ms)
			BuildScriptInfoCaches (60ms)
			ResolveRequiredComponents (9ms)
	FinalizeReload (795ms)
		ReleaseScriptCaches (0ms)
		RebuildScriptCaches (0ms)
		SetupLoadedEditorAssemblies (595ms)
			LogAssemblyErrors (0ms)
			InitializePlatformSupportModulesInManaged (2ms)
			SetLoadedEditorAssemblies (5ms)
			BeforeProcessingInitializeOnLoad (142ms)
			ProcessInitializeOnLoadAttributes (349ms)
			ProcessInitializeOnLoadMethodAttributes (91ms)
			AfterProcessingInitializeOnLoad (6ms)
			EditorAssembliesLoaded (0ms)
		ExecutionOrderSort2 (0ms)
		AwakeInstancesAfterBackupRestoration (8ms)
Launched and connected shader compiler UnityShaderCompiler.exe after 0.03 seconds
Refreshing native plugins compatible for Editor in 1.98 ms, found 3 plugins.
Preloading 0 native plugins for Editor in 0.00 ms.
Unloading 17 Unused Serialized files (Serialized files now loaded: 0)
Unloading 6575 unused Assets / (2.0 MB). Loaded Objects now: 7408.
Memory consumption went from 152.9 MB to 150.8 MB.
Total: 14.213300 ms (FindLiveObjects: 0.865200 ms CreateObjectMapping: 1.194800 ms MarkObjects: 8.638100 ms  DeleteObjects: 3.513300 ms)

========================================================================
Received Import Request.
  Time since last request: 1836.928940 seconds.
  path: Assets/Blake/Custom Lighting/Colorised Lighting Yellow.mat
  artifactKey: Guid(e13493f82dc351f4da5096086a137227) Importer(2089858483,b0f066a214c2f5e87bad3c948f4d605d)
Start importing Assets/Blake/Custom Lighting/Colorised Lighting Yellow.mat using Guid(e13493f82dc351f4da5096086a137227) Importer(2089858483,b0f066a214c2f5e87bad3c948f4d605d) (ScriptedImporter) -> (artifact id: 'e30044b5a552861f4951a032f540f53c') in 0.1852389 seconds
Number of updated asset objects reloaded before import = 0Number of asset objects unloaded after import = 10

========================================================================
Received Import Request.
  Time since last request: 0.000027 seconds.
  path: Assets/Blake/Custom Lighting/Lit.shadersubgraph
  artifactKey: Guid(7ae2ea4d0f8494f4da9adab28b09f6b2) Importer(2089858483,b0f066a214c2f5e87bad3c948f4d605d)
Start importing Assets/Blake/Custom Lighting/Lit.shadersubgraph using Guid(7ae2ea4d0f8494f4da9adab28b09f6b2) Importer(2089858483,b0f066a214c2f5e87bad3c948f4d605d) (ScriptedImporter) -> (artifact id: '0c602470a4be6370edd1e738591ab0cb') in 0.0457276 seconds
Number of updated asset objects reloaded before import = 0Number of asset objects unloaded after import = 1

========================================================================
Received Import Request.
  Time since last request: 0.000028 seconds.
  path: Assets/IsaacR/HDRPDefaultResources/HDRenderPipelineGlobalSettings.asset
  artifactKey: Guid(90c125bf06bd94c85b7c12f753e867b2) Importer(2089858483,b0f066a214c2f5e87bad3c948f4d605d)
Start importing Assets/IsaacR/HDRPDefaultResources/HDRenderPipelineGlobalSettings.asset using Guid(90c125bf06bd94c85b7c12f753e867b2) Importer(2089858483,b0f066a214c2f5e87bad3c948f4d605d) (ScriptedImporter) -> (artifact id: '0450d05c3b43377fd70cc60b9829346f') in 0.0123793 seconds
Number of updated asset objects reloaded before import = 0Number of asset objects unloaded after import = 1

========================================================================
Received Import Request.
  Time since last request: 0.000014 seconds.
  path: Assets/Blake/Custom Lighting/Colorised Lighting Pink.mat
  artifactKey: Guid(b90316cc8416ecf43bcf143b61eae722) Importer(2089858483,b0f066a214c2f5e87bad3c948f4d605d)
Start importing Assets/Blake/Custom Lighting/Colorised Lighting Pink.mat using Guid(b90316cc8416ecf43bcf143b61eae722) Importer(2089858483,b0f066a214c2f5e87bad3c948f4d605d) (ScriptedImporter) -> (artifact id: 'd5b5fabd3ce8bf9f909bb3cb7f4f4294') in 0.0162123 seconds
Number of updated asset objects reloaded before import = 0Number of asset objects unloaded after import = 10

========================================================================
Received Import Request.
  Time since last request: 0.000019 seconds.
  path: Assets/Blake/BlakeB.asmdef
  artifactKey: Guid(7a63df4e63d232149aa2dfe94a6f98bf) Importer(2089858483,b0f066a214c2f5e87bad3c948f4d605d)
Start importing Assets/Blake/BlakeB.asmdef using Guid(7a63df4e63d232149aa2dfe94a6f98bf) Importer(2089858483,b0f066a214c2f5e87bad3c948f4d605d) (ScriptedImporter) -> (artifact id: '596e5618bb3e4e8fef2e1cea0e0133e6') in 0.0046066 seconds
Number of updated asset objects reloaded before import = 0Number of asset objects unloaded after import = 1

========================================================================
Received Import Request.
  Time since last request: 0.000018 seconds.
  path: Assets/Chris-Good/Animations/Open Door.anim
  artifactKey: Guid(9b4a88457e45f2c459275d5a9601f144) Importer(2089858483,b0f066a214c2f5e87bad3c948f4d605d)
Start importing Assets/Chris-Good/Animations/Open Door.anim using Guid(9b4a88457e45f2c459275d5a9601f144) Importer(2089858483,b0f066a214c2f5e87bad3c948f4d605d) (ScriptedImporter) -> (artifact id: '36ef8b1693cecea7d24b27ff445f29d8') in 0.0128232 seconds
Number of updated asset objects reloaded before import = 0Number of asset objects unloaded after import = 1

========================================================================
Received Import Request.
  Time since last request: 0.000013 seconds.
  path: Assets/Chris-Good/ChrisG.asmdef
  artifactKey: Guid(9efd8b99a30828f4f91daac56dfdd637) Importer(2089858483,b0f066a214c2f5e87bad3c948f4d605d)
Start importing Assets/Chris-Good/ChrisG.asmdef using Guid(9efd8b99a30828f4f91daac56dfdd637) Importer(2089858483,b0f066a214c2f5e87bad3c948f4d605d) (ScriptedImporter) -> (artifact id: 'f50efff514dde11fbd359bac223d53cd') in 0.0041789 seconds
Number of updated asset objects reloaded before import = 0Number of asset objects unloaded after import = 1

========================================================================
Received Import Request.
  Time since last request: 0.000023 seconds.
  path: Assets/Chris-Good/Audio/chime.wav
  artifactKey: Guid(36df093139678c04e8c2807abaf0132e) Importer(2089858483,b0f066a214c2f5e87bad3c948f4d605d)
Start importing Assets/Chris-Good/Audio/chime.wav using Guid(36df093139678c04e8c2807abaf0132e) Importer(2089858483,b0f066a214c2f5e87bad3c948f4d605d) (ScriptedImporter) -> (artifact id: '06606302ea0dbbbe2038430edd77e2ce') in 0.0261875 seconds
Number of updated asset objects reloaded before import = 0Number of asset objects unloaded after import = 1

========================================================================
Received Import Request.
  Time since last request: 0.000015 seconds.
  path: Assets/Blake/Custom Lighting/Additional Lights/Additional Lights Basic.shadersubgraph
  artifactKey: Guid(41af5c1894892104ba0d9c57664cdb4e) Importer(2089858483,b0f066a214c2f5e87bad3c948f4d605d)
Start importing Assets/Blake/Custom Lighting/Additional Lights/Additional Lights Basic.shadersubgraph using Guid(41af5c1894892104ba0d9c57664cdb4e) Importer(2089858483,b0f066a214c2f5e87bad3c948f4d605d) (ScriptedImporter) -> (artifact id: '5c051c7cd5244ae93b9db3e8857e8682') in 0.0077328 seconds
Number of updated asset objects reloaded before import = 0Number of asset objects unloaded after import = 1

========================================================================
Received Import Request.
  Time since last request: 0.000014 seconds.
  path: Assets/IsaacR/Settings/PC_RPAsset.asset
  artifactKey: Guid(9071b318824c271429d11e77a5d575db) Importer(2089858483,b0f066a214c2f5e87bad3c948f4d605d)
Start importing Assets/IsaacR/Settings/PC_RPAsset.asset using Guid(9071b318824c271429d11e77a5d575db) Importer(2089858483,b0f066a214c2f5e87bad3c948f4d605d) (ScriptedImporter) -> (artifact id: '5ec791e1aed6a5864f5cbf51be9c6a19') in 0.0369161 seconds
Number of updated asset objects reloaded before import = 0Number of asset objects unloaded after import = 1

========================================================================
Received Import Request.
  Time since last request: 0.000013 seconds.
  path: Assets/IsaacR/Materials and Textures/rock normal map.png
  artifactKey: Guid(f04a645d013674c989a5c398bfd84781) Importer(2089858483,b0f066a214c2f5e87bad3c948f4d605d)
Start importing Assets/IsaacR/Materials and Textures/rock normal map.png using Guid(f04a645d013674c989a5c398bfd84781) Importer(2089858483,b0f066a214c2f5e87bad3c948f4d605d) (ScriptedImporter) -> (artifact id: '6a90ca8c1c1208dae713f7621dc13a10') in 0.029264 seconds
Number of updated asset objects reloaded before import = 0Number of asset objects unloaded after import = 1

========================================================================
Received Import Request.
  Time since last request: 0.000023 seconds.
  path: Assets/Chris-Good/Scripts/ThirdPersonCamera.cs
  artifactKey: Guid(f4956467f25e422469076fc78faa283c) Importer(2089858483,b0f066a214c2f5e87bad3c948f4d605d)
Start importing Assets/Chris-Good/Scripts/ThirdPersonCamera.cs using Guid(f4956467f25e422469076fc78faa283c) Importer(2089858483,b0f066a214c2f5e87bad3c948f4d605d) (ScriptedImporter) -> (artifact id: '0a370c7674a6a96c492c2f4a16049215') in 0.0065707 seconds
Number of updated asset objects reloaded before import = 0Number of asset objects unloaded after import = 0

========================================================================
Received Import Request.
  Time since last request: 0.000016 seconds.
  path: Assets/IsaacR/Settings/DefaultVolumeProfile.asset
  artifactKey: Guid(650713cc3e128824aa1b858d4800e099) Importer(2089858483,b0f066a214c2f5e87bad3c948f4d605d)
Start importing Assets/IsaacR/Settings/DefaultVolumeProfile.asset using Guid(650713cc3e128824aa1b858d4800e099) Importer(2089858483,b0f066a214c2f5e87bad3c948f4d605d) (ScriptedImporter) -> (artifact id: 'bdaec896e73aa1950da4eec811dc45c6') in 0.0077712 seconds
Number of updated asset objects reloaded before import = 0Number of asset objects unloaded after import = 20

========================================================================
Received Import Request.
  Time since last request: 0.000016 seconds.
  path: Assets/IsaacR/TutorialInfo/Layout.wlt
  artifactKey: Guid(eabc9546105bf4accac1fd62a63e88e6) Importer(2089858483,b0f066a214c2f5e87bad3c948f4d605d)
Start importing Assets/IsaacR/TutorialInfo/Layout.wlt using Guid(eabc9546105bf4accac1fd62a63e88e6) Importer(2089858483,b0f066a214c2f5e87bad3c948f4d605d) (ScriptedImporter) -> (artifact id: '8df9c3d1aaf1c99a401b494986baf121') in 0.0038402 seconds
Number of updated asset objects reloaded before import = 0Number of asset objects unloaded after import = 1

========================================================================
Received Import Request.
  Time since last request: 0.000017 seconds.
  path: Assets/Chris-Good/URP Extract Me.unitypackage
  artifactKey: Guid(f8f6f87f7bbdb78429c6debe606a0e12) Importer(2089858483,b0f066a214c2f5e87bad3c948f4d605d)
Start importing Assets/Chris-Good/URP Extract Me.unitypackage using Guid(f8f6f87f7bbdb78429c6debe606a0e12) Importer(2089858483,b0f066a214c2f5e87bad3c948f4d605d) (ScriptedImporter) -> (artifact id: 'ce6217b44c095245d127e9b2769aba86') in 0.0036858 seconds
Number of updated asset objects reloaded before import = 0Number of asset objects unloaded after import = 1

========================================================================
Received Import Request.
  Time since last request: 0.000016 seconds.
  path: Assets/Chris-Good/Scripts/CameraMovement.cs
  artifactKey: Guid(c5177591b33ac6c429f5a21ccd842361) Importer(2089858483,b0f066a214c2f5e87bad3c948f4d605d)
Start importing Assets/Chris-Good/Scripts/CameraMovement.cs using Guid(c5177591b33ac6c429f5a21ccd842361) Importer(2089858483,b0f066a214c2f5e87bad3c948f4d605d) (ScriptedImporter) -> (artifact id: '15f854ff66b64dd4f67889731d85b3bb') in 0.0035685 seconds
Number of updated asset objects reloaded before import = 0Number of asset objects unloaded after import = 0

========================================================================
Received Import Request.
  Time since last request: 0.000017 seconds.
  path: Assets/IsaacR/Materials and Textures/FixedWood.png
  artifactKey: Guid(b7d1e96295d94466fbe9479d373466e0) Importer(2089858483,b0f066a214c2f5e87bad3c948f4d605d)
Start importing Assets/IsaacR/Materials and Textures/FixedWood.png using Guid(b7d1e96295d94466fbe9479d373466e0) Importer(2089858483,b0f066a214c2f5e87bad3c948f4d605d) (ScriptedImporter) -> (artifact id: '7d3f9ea30c680c310c2d2dbfe5e376d0') in 0.0077935 seconds
Number of updated asset objects reloaded before import = 0Number of asset objects unloaded after import = 1

========================================================================
Received Import Request.
  Time since last request: 0.000026 seconds.
  path: Assets/Chris-Good/Materials and Textures/scratched-metal.jpg
  artifactKey: Guid(a5b29531b80c54d44a58f3dd2eea0080) Importer(2089858483,b0f066a214c2f5e87bad3c948f4d605d)
Start importing Assets/Chris-Good/Materials and Textures/scratched-metal.jpg using Guid(a5b29531b80c54d44a58f3dd2eea0080) Importer(2089858483,b0f066a214c2f5e87bad3c948f4d605d) (ScriptedImporter) -> (artifact id: '1099c310e3ab99746732e40f6b44ff0d') in 0.0084603 seconds
Number of updated asset objects reloaded before import = 0Number of asset objects unloaded after import = 1

========================================================================
Received Import Request.
  Time since last request: 0.000025 seconds.
  path: Assets/Blake/Settings/Mobile_RPAsset.asset
  artifactKey: Guid(5e6cbd92db86f4b18aec3ed561671858) Importer(2089858483,b0f066a214c2f5e87bad3c948f4d605d)
Start importing Assets/Blake/Settings/Mobile_RPAsset.asset using Guid(5e6cbd92db86f4b18aec3ed561671858) Importer(2089858483,b0f066a214c2f5e87bad3c948f4d605d) (ScriptedImporter) -> (artifact id: 'c384defcde900e93d1303827916f55af') in 0.0196079 seconds
Number of updated asset objects reloaded before import = 0Number of asset objects unloaded after import = 2

========================================================================
Received Import Request.
  Time since last request: 0.000032 seconds.
  path: Assets/Chris-Good/Week 8/Fireball.psd
  artifactKey: Guid(8868c79c20bf626478ef068549527d9e) Importer(2089858483,b0f066a214c2f5e87bad3c948f4d605d)
Start importing Assets/Chris-Good/Week 8/Fireball.psd using Guid(8868c79c20bf626478ef068549527d9e) Importer(2089858483,b0f066a214c2f5e87bad3c948f4d605d) (ScriptedImporter) -> (artifact id: 'a99eec26d8491788bbf78b3e5bae74b2') in 0.0181254 seconds
Number of updated asset objects reloaded before import = 0Number of asset objects unloaded after import = 1

========================================================================
Received Import Request.
  Time since last request: 0.000043 seconds.
  path: Assets/Blake/Readme.asset
  artifactKey: Guid(8105016687592461f977c054a80ce2f2) Importer(2089858483,b0f066a214c2f5e87bad3c948f4d605d)
Start importing Assets/Blake/Readme.asset using Guid(8105016687592461f977c054a80ce2f2) Importer(2089858483,b0f066a214c2f5e87bad3c948f4d605d) (ScriptedImporter) -> (artifact id: 'ec55211b3bc12e1ae4f44a178df99852') in 0.0185859 seconds
Number of updated asset objects reloaded before import = 0Number of asset objects unloaded after import = 2

========================================================================
Received Import Request.
  Time since last request: 0.000164 seconds.
  path: Assets/Blake/Imported Assets/Animations/idle.fbx
  artifactKey: Guid(0850654a58f03c7409e5603f174adf54) Importer(2089858483,b0f066a214c2f5e87bad3c948f4d605d)
Start importing Assets/Blake/Imported Assets/Animations/idle.fbx using Guid(0850654a58f03c7409e5603f174adf54) Importer(2089858483,b0f066a214c2f5e87bad3c948f4d605d) (ScriptedImporter) -> (artifact id: 'de6f4dbf4b90358c953bbb77990a8c3a') in 0.0830408 seconds
Number of updated asset objects reloaded before import = 0Number of asset objects unloaded after import = 138

========================================================================
Received Import Request.
  Time since last request: 0.000042 seconds.
  path: Assets/Blake/Imported Assets/Textures/Texturelabs_Stone_125M.jpg
  artifactKey: Guid(d34b2399992141046b5ea54bb3ef9a9a) Importer(2089858483,b0f066a214c2f5e87bad3c948f4d605d)
Start importing Assets/Blake/Imported Assets/Textures/Texturelabs_Stone_125M.jpg using Guid(d34b2399992141046b5ea54bb3ef9a9a) Importer(2089858483,b0f066a214c2f5e87bad3c948f4d605d) (ScriptedImporter) -> (artifact id: '63b6628d91bbc6ca0bcda276f6444ade') in 0.0172922 seconds
Number of updated asset objects reloaded before import = 0Number of asset objects unloaded after import = 1

========================================================================
Received Import Request.
  Time since last request: 0.000041 seconds.
  path: Assets/Blake/Custom Lighting/Additional Lights/Additional Lights Half Lambert.shadersubgraph
  artifactKey: Guid(7a2d72f8cfb9bfc45997aa8765b994b6) Importer(2089858483,b0f066a214c2f5e87bad3c948f4d605d)
Start importing Assets/Blake/Custom Lighting/Additional Lights/Additional Lights Half Lambert.shadersubgraph using Guid(7a2d72f8cfb9bfc45997aa8765b994b6) Importer(2089858483,b0f066a214c2f5e87bad3c948f4d605d) (ScriptedImporter) -> (artifact id: 'd3409e72572329d5afa67864ea6280f9') in 0.0162275 seconds
Number of updated asset objects reloaded before import = 0Number of asset objects unloaded after import = 1

========================================================================
Received Import Request.
  Time since last request: 0.000055 seconds.
  path: Assets/Blake/Custom Lighting/Specular/Reflectance.shadersubgraph
  artifactKey: Guid(dfd6ee949af08924fb4fee1e9bcfc94d) Importer(2089858483,b0f066a214c2f5e87bad3c948f4d605d)
Start importing Assets/Blake/Custom Lighting/Specular/Reflectance.shadersubgraph using Guid(dfd6ee949af08924fb4fee1e9bcfc94d) Importer(2089858483,b0f066a214c2f5e87bad3c948f4d605d) (ScriptedImporter) -> (artifact id: 'bdf02230c00147589986cf5065d15462') in 0.014295 seconds
Number of updated asset objects reloaded before import = 0Number of asset objects unloaded after import = 1

========================================================================
Received Import Request.
  Time since last request: 0.000024 seconds.
  path: Assets/Blake/Custom Lighting/Specular/Specular Blinn.shadersubgraph
  artifactKey: Guid(44c71bcc5331a7b42aa787996c19a665) Importer(2089858483,b0f066a214c2f5e87bad3c948f4d605d)
Start importing Assets/Blake/Custom Lighting/Specular/Specular Blinn.shadersubgraph using Guid(44c71bcc5331a7b42aa787996c19a665) Importer(2089858483,b0f066a214c2f5e87bad3c948f4d605d) (ScriptedImporter) -> (artifact id: 'e1b695292cc9780bafdcc07fd163c668') in 0.0163323 seconds
Number of updated asset objects reloaded before import = 0Number of asset objects unloaded after import = 1

========================================================================
Received Import Request.
  Time since last request: 0.000039 seconds.
  path: Assets/Blake/Scripts/Gameplay Logic/LevelSwitch.cs
  artifactKey: Guid(f5e960697f5312344b92a48db0543db7) Importer(2089858483,b0f066a214c2f5e87bad3c948f4d605d)
Start importing Assets/Blake/Scripts/Gameplay Logic/LevelSwitch.cs using Guid(f5e960697f5312344b92a48db0543db7) Importer(2089858483,b0f066a214c2f5e87bad3c948f4d605d) (ScriptedImporter) -> (artifact id: 'a5753aca06fbeb95cf42fdb0f372c936') in 0.0090726 seconds
Number of updated asset objects reloaded before import = 0Number of asset objects unloaded after import = 0

========================================================================
Received Import Request.
  Time since last request: 0.000047 seconds.
  path: Assets/Blake/Imported Assets/Animations/waving.fbx
  artifactKey: Guid(e28c70e8cd566a34aacf6af708cc1824) Importer(2089858483,b0f066a214c2f5e87bad3c948f4d605d)
Start importing Assets/Blake/Imported Assets/Animations/waving.fbx using Guid(e28c70e8cd566a34aacf6af708cc1824) Importer(2089858483,b0f066a214c2f5e87bad3c948f4d605d) (ScriptedImporter) -> (artifact id: 'b22d2e872e823e72c42966cd37e12a1c') in 0.0396553 seconds
Number of updated asset objects reloaded before import = 0Number of asset objects unloaded after import = 137

========================================================================
Received Import Request.
  Time since last request: 0.000063 seconds.
  path: Assets/Chris-Good/Materials and Textures/Concrete/Clean_Concrete_GroundAO.png
  artifactKey: Guid(7a465c51febbe6d479e128d920b672ad) Importer(2089858483,b0f066a214c2f5e87bad3c948f4d605d)
Start importing Assets/Chris-Good/Materials and Textures/Concrete/Clean_Concrete_GroundAO.png using Guid(7a465c51febbe6d479e128d920b672ad) Importer(2089858483,b0f066a214c2f5e87bad3c948f4d605d) (ScriptedImporter) -> (artifact id: '5ed7436d25c91e1abd84616e5691cbcf') in 0.0192799 seconds
Number of updated asset objects reloaded before import = 0Number of asset objects unloaded after import = 1

========================================================================
Received Import Request.
  Time since last request: 0.000213 seconds.
  path: Assets/Chris-Good/Materials and Textures/Concrete/Clean_Concrete_GroundNormal.png
  artifactKey: Guid(7d3458650baeb894c9e0fddee99769c3) Importer(2089858483,b0f066a214c2f5e87bad3c948f4d605d)
Start importing Assets/Chris-Good/Materials and Textures/Concrete/Clean_Concrete_GroundNormal.png using Guid(7d3458650baeb894c9e0fddee99769c3) Importer(2089858483,b0f066a214c2f5e87bad3c948f4d605d) (ScriptedImporter) -> (artifact id: '65a99838d59bf7fd60cd518bdad3d22f') in 0.0184617 seconds
Number of updated asset objects reloaded before import = 0Number of asset objects unloaded after import = 1

========================================================================
Received Import Request.
  Time since last request: 0.000038 seconds.
  path: Assets/Chris-Good/Materials and Textures/Concrete/Clean_Concrete_GroundDiffuse.png
  artifactKey: Guid(183f55a2ccc74154c92c440adb0c281e) Importer(2089858483,b0f066a214c2f5e87bad3c948f4d605d)
Start importing Assets/Chris-Good/Materials and Textures/Concrete/Clean_Concrete_GroundDiffuse.png using Guid(183f55a2ccc74154c92c440adb0c281e) Importer(2089858483,b0f066a214c2f5e87bad3c948f4d605d) (ScriptedImporter) -> (artifact id: '51a7af912c61dc7b0c1a3cb322a84738') in 0.0184367 seconds
Number of updated asset objects reloaded before import = 0Number of asset objects unloaded after import = 1

========================================================================
Received Import Request.
  Time since last request: 0.000054 seconds.
  path: Assets/Chris-Good/Fantasy Skyboxes/Midgard Skybox/package.json
  artifactKey: Guid(7412830d87c9b8b4c99b533d435f5e17) Importer(2089858483,b0f066a214c2f5e87bad3c948f4d605d)
Start importing Assets/Chris-Good/Fantasy Skyboxes/Midgard Skybox/package.json using Guid(7412830d87c9b8b4c99b533d435f5e17) Importer(2089858483,b0f066a214c2f5e87bad3c948f4d605d) (ScriptedImporter) -> (artifact id: 'f97a1dbf06338e370947c57d7a6708b1') in 0.0084516 seconds
Number of updated asset objects reloaded before import = 0Number of asset objects unloaded after import = 1

========================================================================
Received Import Request.
  Time since last request: 0.000036 seconds.
  path: Assets/IsaacR/Third Person Controller/Player Controller.controller
  artifactKey: Guid(d05ea7ecc0a5d46079d910dbf4470f51) Importer(2089858483,b0f066a214c2f5e87bad3c948f4d605d)
Start importing Assets/IsaacR/Third Person Controller/Player Controller.controller using Guid(d05ea7ecc0a5d46079d910dbf4470f51) Importer(2089858483,b0f066a214c2f5e87bad3c948f4d605d) (ScriptedImporter) -> (artifact id: '437836df5ad8de2bab9b9cae2e84f9b8') in 0.0169187 seconds
Number of updated asset objects reloaded before import = 0Number of asset objects unloaded after import = 28

========================================================================
Received Import Request.
  Time since last request: 0.000046 seconds.
  path: Assets/Blake/Custom Lighting/Colorised Lighting Blue.mat
  artifactKey: Guid(bf2a6fc216a728a4fb3b7c7f9988a4e6) Importer(2089858483,b0f066a214c2f5e87bad3c948f4d605d)
Start importing Assets/Blake/Custom Lighting/Colorised Lighting Blue.mat using Guid(bf2a6fc216a728a4fb3b7c7f9988a4e6) Importer(2089858483,b0f066a214c2f5e87bad3c948f4d605d) (ScriptedImporter) -> (artifact id: '39f4ae071e1e86c05d140d8cc9c8444a') in 0.0255824 seconds
Number of updated asset objects reloaded before import = 0Number of asset objects unloaded after import = 10

========================================================================
Received Import Request.
  Time since last request: 0.000039 seconds.
  path: Assets/IsaacR/Materials and Textures/Coat of Arms.png
  artifactKey: Guid(c74aa3dd3e35346d79bb4726b162a103) Importer(2089858483,b0f066a214c2f5e87bad3c948f4d605d)
Start importing Assets/IsaacR/Materials and Textures/Coat of Arms.png using Guid(c74aa3dd3e35346d79bb4726b162a103) Importer(2089858483,b0f066a214c2f5e87bad3c948f4d605d) (ScriptedImporter) -> (artifact id: '105788090a72f8dcc3ff3d5b9f43857b') in 0.0180439 seconds
Number of updated asset objects reloaded before import = 0Number of asset objects unloaded after import = 1

========================================================================
Received Import Request.
  Time since last request: 0.000035 seconds.
  path: Assets/Chris-Good/Scripts/RotateObject.cs
  artifactKey: Guid(fa032ae4208c8804a8326cdedd03af02) Importer(2089858483,b0f066a214c2f5e87bad3c948f4d605d)
Start importing Assets/Chris-Good/Scripts/RotateObject.cs using Guid(fa032ae4208c8804a8326cdedd03af02) Importer(2089858483,b0f066a214c2f5e87bad3c948f4d605d) (ScriptedImporter) -> (artifact id: 'd9a734efcdda20f61a204b272fafc1f1') in 0.0079864 seconds
Number of updated asset objects reloaded before import = 0Number of asset objects unloaded after import = 0

========================================================================
Received Import Request.
  Time since last request: 0.000030 seconds.
  path: Assets/Blake/Custom Lighting/Custom Lighting.shadergraph
  artifactKey: Guid(cdfab7baf1d5a044a9151c0184dba0a7) Importer(2089858483,b0f066a214c2f5e87bad3c948f4d605d)
Start importing Assets/Blake/Custom Lighting/Custom Lighting.shadergraph using Guid(cdfab7baf1d5a044a9151c0184dba0a7) Importer(2089858483,b0f066a214c2f5e87bad3c948f4d605d) (ScriptedImporter) -> (artifact id: '0d15dd4ab7857605d9d2766830d98fe5') in 0.0407208 seconds
Number of updated asset objects reloaded before import = 0Number of asset objects unloaded after import = 9

========================================================================
Received Import Request.
  Time since last request: 0.000050 seconds.
  path: Assets/IsaacR/Polyeler/Simple Train Pack/README.txt
  artifactKey: Guid(8d53fc8e1bc1f6140acb9ebea70509e3) Importer(2089858483,b0f066a214c2f5e87bad3c948f4d605d)
Start importing Assets/IsaacR/Polyeler/Simple Train Pack/README.txt using Guid(8d53fc8e1bc1f6140acb9ebea70509e3) Importer(2089858483,b0f066a214c2f5e87bad3c948f4d605d) (ScriptedImporter) -> (artifact id: 'bb718b3bd1aa4e711cd3ef4d8d0a90f9') in 0.0063494 seconds
Number of updated asset objects reloaded before import = 0Number of asset objects unloaded after import = 1

========================================================================
Received Import Request.
  Time since last request: 0.000048 seconds.
  path: Assets/Chris-Good/Third Person Controller/Animations/running.fbx
  artifactKey: Guid(c816e8572761b4e43b2720ab0cfcff18) Importer(2089858483,b0f066a214c2f5e87bad3c948f4d605d)
Start importing Assets/Chris-Good/Third Person Controller/Animations/running.fbx using Guid(c816e8572761b4e43b2720ab0cfcff18) Importer(2089858483,b0f066a214c2f5e87bad3c948f4d605d) (ScriptedImporter) -> (artifact id: 'dd9a6d9e92506af58a8fcc9d7b985d0a') in 0.0211243 seconds
Number of updated asset objects reloaded before import = 0Number of asset objects unloaded after import = 138

========================================================================
Received Import Request.
  Time since last request: 0.000032 seconds.
  path: Assets/IsaacR/AddOns/Mg3D_Food/Hamburger.fbx
  artifactKey: Guid(54b107e50acd7e24b96d7de887c68833) Importer(2089858483,b0f066a214c2f5e87bad3c948f4d605d)
Start importing Assets/IsaacR/AddOns/Mg3D_Food/Hamburger.fbx using Guid(54b107e50acd7e24b96d7de887c68833) Importer(2089858483,b0f066a214c2f5e87bad3c948f4d605d) (ScriptedImporter) -> (artifact id: '6f608710f389eadc0c4a666f233b9ba5') in 0.0594753 seconds
Number of updated asset objects reloaded before import = 0Number of asset objects unloaded after import = 13

========================================================================
Received Import Request.
  Time since last request: 0.000043 seconds.
  path: Assets/Chris-Good/Materials and Textures/Coat of Arms.png
  artifactKey: Guid(ade55d4bc1633ed4fa67659189d73d8c) Importer(2089858483,b0f066a214c2f5e87bad3c948f4d605d)
Start importing Assets/Chris-Good/Materials and Textures/Coat of Arms.png using Guid(ade55d4bc1633ed4fa67659189d73d8c) Importer(2089858483,b0f066a214c2f5e87bad3c948f4d605d) (ScriptedImporter) -> (artifact id: '2ce18c5c586be7f3870a8d1957d795a4') in 0.0189764 seconds
Number of updated asset objects reloaded before import = 0Number of asset objects unloaded after import = 1

========================================================================
Received Import Request.
  Time since last request: 0.000053 seconds.
  path: Assets/Chris-Good/Materials and Textures/Concrete/Clean_Concrete_GroundSpecular.png
  artifactKey: Guid(b036e83027f3bd347bfcef9d3a635c59) Importer(2089858483,b0f066a214c2f5e87bad3c948f4d605d)
Start importing Assets/Chris-Good/Materials and Textures/Concrete/Clean_Concrete_GroundSpecular.png using Guid(b036e83027f3bd347bfcef9d3a635c59) Importer(2089858483,b0f066a214c2f5e87bad3c948f4d605d) (ScriptedImporter) -> (artifact id: 'c4486b113e5db4b47e9f4f9e9151e0fc') in 0.0157462 seconds
Number of updated asset objects reloaded before import = 0Number of asset objects unloaded after import = 1

========================================================================
Received Import Request.
  Time since last request: 0.000035 seconds.
  path: Assets/Blake/Imported Assets/Materials/Coat of Arms Mat.mat
  artifactKey: Guid(ed0540d268ddc694bb48e1776f9da180) Importer(2089858483,b0f066a214c2f5e87bad3c948f4d605d)
Start importing Assets/Blake/Imported Assets/Materials/Coat of Arms Mat.mat using Guid(ed0540d268ddc694bb48e1776f9da180) Importer(2089858483,b0f066a214c2f5e87bad3c948f4d605d) (ScriptedImporter) -> (artifact id: '161e122aae9d61d149bbe2c87f7b4517') in 0.0142281 seconds
Number of updated asset objects reloaded before import = 0Number of asset objects unloaded after import = 2

========================================================================
Received Import Request.
  Time since last request: 0.000025 seconds.
  path: Assets/Chris-Good/Scripts/PlayerMovement.cs
  artifactKey: Guid(39d7cb1f7aa15304ca069dabfe2dc04d) Importer(2089858483,b0f066a214c2f5e87bad3c948f4d605d)
Start importing Assets/Chris-Good/Scripts/PlayerMovement.cs using Guid(39d7cb1f7aa15304ca069dabfe2dc04d) Importer(2089858483,b0f066a214c2f5e87bad3c948f4d605d) (ScriptedImporter) -> (artifact id: 'ccb5fc8eb504326fb664339a71bd354a') in 0.0066735 seconds
Number of updated asset objects reloaded before import = 0Number of asset objects unloaded after import = 0

========================================================================
Received Import Request.
  Time since last request: 0.000025 seconds.
  path: Assets/Chris-Good/Week 8/Smoke.psd
  artifactKey: Guid(aa18bc9e5127cf5439eba36959124374) Importer(2089858483,b0f066a214c2f5e87bad3c948f4d605d)
Start importing Assets/Chris-Good/Week 8/Smoke.psd using Guid(aa18bc9e5127cf5439eba36959124374) Importer(2089858483,b0f066a214c2f5e87bad3c948f4d605d) (ScriptedImporter) -> (artifact id: '29e54bc15b6acb98e103b71b990a9d48') in 0.015859 seconds
Number of updated asset objects reloaded before import = 0Number of asset objects unloaded after import = 1

========================================================================
Received Import Request.
  Time since last request: 0.000052 seconds.
  path: Assets/Blake/Prefabs/Pickup 1.prefab
  artifactKey: Guid(930f5d5e320723043b1a0f293e760e87) Importer(2089858483,b0f066a214c2f5e87bad3c948f4d605d)
Start importing Assets/Blake/Prefabs/Pickup 1.prefab using Guid(930f5d5e320723043b1a0f293e760e87) Importer(2089858483,b0f066a214c2f5e87bad3c948f4d605d) (ScriptedImporter) -> (artifact id: '07ac53e45d7f5b3f1dd023702bdfce85') in 0.0256594 seconds
Number of updated asset objects reloaded before import = 0Number of asset objects unloaded after import = 9

========================================================================
Received Import Request.
  Time since last request: 0.000041 seconds.
  path: Assets/Blake/Custom Lighting/New Material.mat
  artifactKey: Guid(f5b3ed65c78d99c42af3232482c15f87) Importer(2089858483,b0f066a214c2f5e87bad3c948f4d605d)
Start importing Assets/Blake/Custom Lighting/New Material.mat using Guid(f5b3ed65c78d99c42af3232482c15f87) Importer(2089858483,b0f066a214c2f5e87bad3c948f4d605d) (ScriptedImporter) -> (artifact id: '269207a96d0e370a146d2e269209ac2f') in 0.0251565 seconds
Number of updated asset objects reloaded before import = 0Number of asset objects unloaded after import = 10

========================================================================
Received Import Request.
  Time since last request: 0.000042 seconds.
  path: Assets/IsaacR/TextMesh Pro/Shaders/TMP_SDF.shader
  artifactKey: Guid(68e6db2ebdc24f95958faec2be5558d6) Importer(2089858483,b0f066a214c2f5e87bad3c948f4d605d)
Start importing Assets/IsaacR/TextMesh Pro/Shaders/TMP_SDF.shader using Guid(68e6db2ebdc24f95958faec2be5558d6) Importer(2089858483,b0f066a214c2f5e87bad3c948f4d605d) (ScriptedImporter) -> (artifact id: '5de37c4ec93ec6b1594c648a1d8de4a8') in 0.0090898 seconds
Number of updated asset objects reloaded before import = 0Number of asset objects unloaded after import = 1

========================================================================
Received Import Request.
  Time since last request: 0.000039 seconds.
  path: Assets/IsaacR/TextMesh Pro/Shaders/TMP_SDF-URP Unlit.shadergraph
  artifactKey: Guid(124c112a6e8f1a54e8b0870e881b56d8) Importer(2089858483,b0f066a214c2f5e87bad3c948f4d605d)
Start importing Assets/IsaacR/TextMesh Pro/Shaders/TMP_SDF-URP Unlit.shadergraph using Guid(124c112a6e8f1a54e8b0870e881b56d8) Importer(2089858483,b0f066a214c2f5e87bad3c948f4d605d) (ScriptedImporter) -> (artifact id: '161437ce0a6d015ff3d0c409ee727d8f') in 0.0308495 seconds
Number of updated asset objects reloaded before import = 0Number of asset objects unloaded after import = 4

========================================================================
Received Import Request.
  Time since last request: 0.000043 seconds.
  path: Assets/IsaacR/TextMesh Pro/Shaders/TMP_SDF-Mobile SSD.shader
  artifactKey: Guid(c8d12adcee749c344b8117cf7c7eb912) Importer(2089858483,b0f066a214c2f5e87bad3c948f4d605d)
Start importing Assets/IsaacR/TextMesh Pro/Shaders/TMP_SDF-Mobile SSD.shader using Guid(c8d12adcee749c344b8117cf7c7eb912) Importer(2089858483,b0f066a214c2f5e87bad3c948f4d605d) (ScriptedImporter) -> (artifact id: '06e497a5172ffe68091aecaca5f4457c') in 0.0088314 seconds
Number of updated asset objects reloaded before import = 0Number of asset objects unloaded after import = 1

========================================================================
Received Import Request.
  Time since last request: 0.000025 seconds.
  path: Assets/Blake/Scripts/Utilities/Spot Light Mover.cs
  artifactKey: Guid(35bdf6406aff3914abb4e97c002feeb6) Importer(2089858483,b0f066a214c2f5e87bad3c948f4d605d)
Start importing Assets/Blake/Scripts/Utilities/Spot Light Mover.cs using Guid(35bdf6406aff3914abb4e97c002feeb6) Importer(2089858483,b0f066a214c2f5e87bad3c948f4d605d) (ScriptedImporter) -> (artifact id: 'aacd5890dbd8e3d8f200083c34100e64') in 0.0040603 seconds
Number of updated asset objects reloaded before import = 0Number of asset objects unloaded after import = 0

========================================================================
Received Import Request.
  Time since last request: 0.000016 seconds.
  path: Assets/IsaacR/Readme.asset
  artifactKey: Guid(45e59e2137d51f44098b715f1301e600) Importer(2089858483,b0f066a214c2f5e87bad3c948f4d605d)
Start importing Assets/IsaacR/Readme.asset using Guid(45e59e2137d51f44098b715f1301e600) Importer(2089858483,b0f066a214c2f5e87bad3c948f4d605d) (ScriptedImporter) -> (artifact id: 'a38553243aa43b8273671e54fd05db34') in 0.0052229 seconds
Number of updated asset objects reloaded before import = 0Number of asset objects unloaded after import = 2

========================================================================
Received Import Request.
  Time since last request: 0.000039 seconds.
  path: Assets/Blake/Custom Lighting/Simple Lighting.shadersubgraph
  artifactKey: Guid(f042cf0f1b2e1c34385c0b5683afbaf0) Importer(2089858483,b0f066a214c2f5e87bad3c948f4d605d)
Start importing Assets/Blake/Custom Lighting/Simple Lighting.shadersubgraph using Guid(f042cf0f1b2e1c34385c0b5683afbaf0) Importer(2089858483,b0f066a214c2f5e87bad3c948f4d605d) (ScriptedImporter) -> (artifact id: '5fd74e812f0ee4482b17923a49db9933') in 0.0066378 seconds
Number of updated asset objects reloaded before import = 0Number of asset objects unloaded after import = 1

========================================================================
Received Import Request.
  Time since last request: 0.000019 seconds.
  path: Assets/IsaacR/Scenes/SampleScene.unity
  artifactKey: Guid(e930dc330618fdb409fcc7b97b8f5433) Importer(2089858483,b0f066a214c2f5e87bad3c948f4d605d)
Start importing Assets/IsaacR/Scenes/SampleScene.unity using Guid(e930dc330618fdb409fcc7b97b8f5433) Importer(2089858483,b0f066a214c2f5e87bad3c948f4d605d) (ScriptedImporter) -> (artifact id: '8da1b9ce0d5cdd74121c2dd732333486') in 0.0047366 seconds
Number of updated asset objects reloaded before import = 0Number of asset objects unloaded after import = 1

========================================================================
Received Import Request.
  Time since last request: 0.000025 seconds.
  path: Assets/Chris-Good/Audio/Thunder Rumble Bass Normalised.wav
  artifactKey: Guid(2f1ac86893f2f7a48bc880d06ba40b53) Importer(2089858483,b0f066a214c2f5e87bad3c948f4d605d)
Start importing Assets/Chris-Good/Audio/Thunder Rumble Bass Normalised.wav using Guid(2f1ac86893f2f7a48bc880d06ba40b53) Importer(2089858483,b0f066a214c2f5e87bad3c948f4d605d) (ScriptedImporter) -> (artifact id: '43aa21542da70d1e5da85d3fc50fb91a') in 0.023663 seconds
Number of updated asset objects reloaded before import = 0Number of asset objects unloaded after import = 1

========================================================================
Received Import Request.
  Time since last request: 0.000011 seconds.
  path: Assets/IsaacR/AddOns/Mg3D_Food/Watermelon.fbx
  artifactKey: Guid(7977e423937da9b48aac1866c67bb5be) Importer(2089858483,b0f066a214c2f5e87bad3c948f4d605d)
Start importing Assets/IsaacR/AddOns/Mg3D_Food/Watermelon.fbx using Guid(7977e423937da9b48aac1866c67bb5be) Importer(2089858483,b0f066a214c2f5e87bad3c948f4d605d) (ScriptedImporter) -> (artifact id: '87d1424401804717456af1eb13df7005') in 0.0133373 seconds
Number of updated asset objects reloaded before import = 0Number of asset objects unloaded after import = 12

========================================================================
Received Import Request.
  Time since last request: 0.000027 seconds.
  path: Assets/Blake/Custom Lighting/Ambient/Ambient Basic.shadersubgraph
  artifactKey: Guid(b2d2307730a34fc40845d053da3edaf6) Importer(2089858483,b0f066a214c2f5e87bad3c948f4d605d)
Start importing Assets/Blake/Custom Lighting/Ambient/Ambient Basic.shadersubgraph using Guid(b2d2307730a34fc40845d053da3edaf6) Importer(2089858483,b0f066a214c2f5e87bad3c948f4d605d) (ScriptedImporter) -> (artifact id: '23c23d89fdd8fbd1744e6cb9eb8eae74') in 0.0082423 seconds
Number of updated asset objects reloaded before import = 0Number of asset objects unloaded after import = 1

========================================================================
Received Import Request.
  Time since last request: 0.000025 seconds.
  path: Assets/IsaacR/Materials and Textures/Concrete/Clean_Concrete_GroundAO.png
  artifactKey: Guid(2ddf91fe5f053492690b6d851894b012) Importer(2089858483,b0f066a214c2f5e87bad3c948f4d605d)
Start importing Assets/IsaacR/Materials and Textures/Concrete/Clean_Concrete_GroundAO.png using Guid(2ddf91fe5f053492690b6d851894b012) Importer(2089858483,b0f066a214c2f5e87bad3c948f4d605d) (ScriptedImporter) -> (artifact id: '75ecf16e48ef622fd875924aabf4a738') in 0.0082249 seconds
Number of updated asset objects reloaded before import = 0Number of asset objects unloaded after import = 1

========================================================================
Received Import Request.
  Time since last request: 0.000021 seconds.
  path: Assets/IsaacR/TextMesh Pro/Shaders/TMP_SDF-Surface.shader
  artifactKey: Guid(f7ada0af4f174f0694ca6a487b8f543d) Importer(2089858483,b0f066a214c2f5e87bad3c948f4d605d)
Start importing Assets/IsaacR/TextMesh Pro/Shaders/TMP_SDF-Surface.shader using Guid(f7ada0af4f174f0694ca6a487b8f543d) Importer(2089858483,b0f066a214c2f5e87bad3c948f4d605d) (ScriptedImporter) -> (artifact id: '8c1116d0cfa8ba40efe5b0e547449546') in 0.0056164 seconds
Number of updated asset objects reloaded before import = 0Number of asset objects unloaded after import = 1

========================================================================
Received Import Request.
  Time since last request: 0.000027 seconds.
  path: Assets/IsaacR/AddOns/Mg3D_Food/Banana.fbx
  artifactKey: Guid(461f0170c82b53340a9812199b63bbd4) Importer(2089858483,b0f066a214c2f5e87bad3c948f4d605d)
Start importing Assets/IsaacR/AddOns/Mg3D_Food/Banana.fbx using Guid(461f0170c82b53340a9812199b63bbd4) Importer(2089858483,b0f066a214c2f5e87bad3c948f4d605d) (ScriptedImporter) -> (artifact id: '384c0487d63700d98ffea4b03495c926') in 0.0120591 seconds
Number of updated asset objects reloaded before import = 0Number of asset objects unloaded after import = 10

========================================================================
Received Import Request.
  Time since last request: 0.000015 seconds.
  path: Assets/Blake/Imported Assets/Textures/Brick/Bricks059.png
  artifactKey: Guid(3ea9495214757a24d9cfd09ab83d3257) Importer(2089858483,b0f066a214c2f5e87bad3c948f4d605d)
Start importing Assets/Blake/Imported Assets/Textures/Brick/Bricks059.png using Guid(3ea9495214757a24d9cfd09ab83d3257) Importer(2089858483,b0f066a214c2f5e87bad3c948f4d605d) (ScriptedImporter) -> (artifact id: '3668c96d9c8919a2451d8306c836be4c') in 0.0071152 seconds
Number of updated asset objects reloaded before import = 0Number of asset objects unloaded after import = 1

========================================================================
Received Import Request.
  Time since last request: 0.000012 seconds.
  path: Assets/Blake/Imported Assets/Textures/Wood/Wood048_2K-JPG_Color.jpg
  artifactKey: Guid(a232fe6dbfcf3184cbc1a284ca82981b) Importer(2089858483,b0f066a214c2f5e87bad3c948f4d605d)
Start importing Assets/Blake/Imported Assets/Textures/Wood/Wood048_2K-JPG_Color.jpg using Guid(a232fe6dbfcf3184cbc1a284ca82981b) Importer(2089858483,b0f066a214c2f5e87bad3c948f4d605d) (ScriptedImporter) -> (artifact id: '13c5f14acf7f6182dae4655f08e14d13') in 0.0090823 seconds
Number of updated asset objects reloaded before import = 0Number of asset objects unloaded after import = 1

========================================================================
Received Import Request.
  Time since last request: 0.000012 seconds.
  path: Assets/Blake/Imported Assets/Textures/Marble/Marble021_4K-JPG_Roughness.jpg
  artifactKey: Guid(deaf7c86d012c514299de6637069749c) Importer(2089858483,b0f066a214c2f5e87bad3c948f4d605d)
Start importing Assets/Blake/Imported Assets/Textures/Marble/Marble021_4K-JPG_Roughness.jpg using Guid(deaf7c86d012c514299de6637069749c) Importer(2089858483,b0f066a214c2f5e87bad3c948f4d605d) (ScriptedImporter) -> (artifact id: '7cf3097fe9b4a9c1f69297fce780f26b') in 0.0090448 seconds
Number of updated asset objects reloaded before import = 0Number of asset objects unloaded after import = 1

========================================================================
Received Import Request.
  Time since last request: 0.000023 seconds.
  path: Assets/Blake/Imported Assets/Textures/Brick/Bricks059_4K-PNG_Roughness.png
  artifactKey: Guid(09ffc2702fa09014cbc27b330a8bef3f) Importer(2089858483,b0f066a214c2f5e87bad3c948f4d605d)
Start importing Assets/Blake/Imported Assets/Textures/Brick/Bricks059_4K-PNG_Roughness.png using Guid(09ffc2702fa09014cbc27b330a8bef3f) Importer(2089858483,b0f066a214c2f5e87bad3c948f4d605d) (ScriptedImporter) -> (artifact id: '51cf2e4998af590254fb62cf9933032c') in 0.0114368 seconds
Number of updated asset objects reloaded before import = 0Number of asset objects unloaded after import = 1

========================================================================
Received Import Request.
  Time since last request: 0.000021 seconds.
  path: Assets/Blake/Imported Assets/Textures/Concrete/Clean_Concrete_GroundDiffuse.png
  artifactKey: Guid(fbb6cb11abc01f745bbdddaf9e956ec5) Importer(2089858483,b0f066a214c2f5e87bad3c948f4d605d)
Start importing Assets/Blake/Imported Assets/Textures/Concrete/Clean_Concrete_GroundDiffuse.png using Guid(fbb6cb11abc01f745bbdddaf9e956ec5) Importer(2089858483,b0f066a214c2f5e87bad3c948f4d605d) (ScriptedImporter) -> (artifact id: 'a39f561d91b2a7a29430ee820e7c2b93') in 0.0072088 seconds
Number of updated asset objects reloaded before import = 0Number of asset objects unloaded after import = 1

========================================================================
Received Import Request.
  Time since last request: 0.000016 seconds.
  path: Assets/Blake/Imported Assets/Textures/Marble/Marble021_4K-JPG_Color.jpg
  artifactKey: Guid(d9cd96c48c54b174ba4e9e0fe0ef043f) Importer(2089858483,b0f066a214c2f5e87bad3c948f4d605d)
Start importing Assets/Blake/Imported Assets/Textures/Marble/Marble021_4K-JPG_Color.jpg using Guid(d9cd96c48c54b174ba4e9e0fe0ef043f) Importer(2089858483,b0f066a214c2f5e87bad3c948f4d605d) (ScriptedImporter) -> (artifact id: 'ef454b3d727fa4abaa67dc762c5b6a35') in 0.0086497 seconds
Number of updated asset objects reloaded before import = 0Number of asset objects unloaded after import = 1

========================================================================
Received Import Request.
  Time since last request: 0.000012 seconds.
  path: Assets/Blake/Imported Assets/Textures/Marble/Marble021_4K-JPG_NormalDX.jpg
  artifactKey: Guid(43dcca02b2fdb9447b768f710533327f) Importer(2089858483,b0f066a214c2f5e87bad3c948f4d605d)
Start importing Assets/Blake/Imported Assets/Textures/Marble/Marble021_4K-JPG_NormalDX.jpg using Guid(43dcca02b2fdb9447b768f710533327f) Importer(2089858483,b0f066a214c2f5e87bad3c948f4d605d) (ScriptedImporter) -> (artifact id: '062f181aa57f98c63e294eb90addd477') in 0.0083915 seconds
Number of updated asset objects reloaded before import = 0Number of asset objects unloaded after import = 1

========================================================================
Received Import Request.
  Time since last request: 0.000013 seconds.
  path: Assets/Chris-Good/Third Person Controller/Animations/walking.fbx
  artifactKey: Guid(ebf9df28412e45347946467c084bc2a3) Importer(2089858483,b0f066a214c2f5e87bad3c948f4d605d)
Start importing Assets/Chris-Good/Third Person Controller/Animations/walking.fbx using Guid(ebf9df28412e45347946467c084bc2a3) Importer(2089858483,b0f066a214c2f5e87bad3c948f4d605d) (ScriptedImporter) -> (artifact id: '2cdd9b7bdb6a7f9688b621377bcfc576') in 0.0097258 seconds
Number of updated asset objects reloaded before import = 0Number of asset objects unloaded after import = 138

========================================================================
Received Import Request.
  Time since last request: 0.000020 seconds.
  path: Assets/Blake/Imported Assets/Textures/Concrete/Clean_Concrete_GroundAO.png
  artifactKey: Guid(32ea167a3fca8d44a81d6dc64fa56fe1) Importer(2089858483,b0f066a214c2f5e87bad3c948f4d605d)
Start importing Assets/Blake/Imported Assets/Textures/Concrete/Clean_Concrete_GroundAO.png using Guid(32ea167a3fca8d44a81d6dc64fa56fe1) Importer(2089858483,b0f066a214c2f5e87bad3c948f4d605d) (ScriptedImporter) -> (artifact id: '643d33ac2c22ce0ee590fb3dd150defe') in 0.0074787 seconds
Number of updated asset objects reloaded before import = 0Number of asset objects unloaded after import = 1

========================================================================
Received Import Request.
  Time since last request: 0.000035 seconds.
  path: Assets/Blake/Imported Assets/Animations/Materials/Beta_Body_MAT.mat
  artifactKey: Guid(34e2416e47da90f44a44c53426dd994b) Importer(2089858483,b0f066a214c2f5e87bad3c948f4d605d)
Start importing Assets/Blake/Imported Assets/Animations/Materials/Beta_Body_MAT.mat using Guid(34e2416e47da90f44a44c53426dd994b) Importer(2089858483,b0f066a214c2f5e87bad3c948f4d605d) (ScriptedImporter) -> (artifact id: '4762e6ce0cd11510374da0745a0207cb') in 0.0059454 seconds
Number of updated asset objects reloaded before import = 0Number of asset objects unloaded after import = 1

========================================================================
Received Import Request.
  Time since last request: 0.000013 seconds.
  path: Assets/IsaacR/TextMesh Pro/Resources/LineBreaking Leading Characters.txt
  artifactKey: Guid(d82c1b31c7e74239bff1220585707d2b) Importer(2089858483,b0f066a214c2f5e87bad3c948f4d605d)
Start importing Assets/IsaacR/TextMesh Pro/Resources/LineBreaking Leading Characters.txt using Guid(d82c1b31c7e74239bff1220585707d2b) Importer(2089858483,b0f066a214c2f5e87bad3c948f4d605d) (ScriptedImporter) -> (artifact id: 'bf13f4962d3a62a2ea0d808150a7de23') in 0.0041304 seconds
Number of updated asset objects reloaded before import = 0Number of asset objects unloaded after import = 1

========================================================================
Received Import Request.
  Time since last request: 0.000014 seconds.
  path: Assets/IsaacR/TutorialInfo/Scripts/Readme.cs
  artifactKey: Guid(fcf7219bab7fe46a1ad266029b2fee19) Importer(2089858483,b0f066a214c2f5e87bad3c948f4d605d)
Start importing Assets/IsaacR/TutorialInfo/Scripts/Readme.cs using Guid(fcf7219bab7fe46a1ad266029b2fee19) Importer(2089858483,b0f066a214c2f5e87bad3c948f4d605d) (ScriptedImporter) -> (artifact id: '370a857f1daa88124dc274e52c9360a6') in 0.0038844 seconds
Number of updated asset objects reloaded before import = 0Number of asset objects unloaded after import = 0

========================================================================
Received Import Request.
  Time since last request: 0.000013 seconds.
  path: Assets/IsaacR/AddOns/Mg3D_Food/Cherry.fbx
  artifactKey: Guid(da4eeef492c0d1842963d6576330682d) Importer(2089858483,b0f066a214c2f5e87bad3c948f4d605d)
Start importing Assets/IsaacR/AddOns/Mg3D_Food/Cherry.fbx using Guid(da4eeef492c0d1842963d6576330682d) Importer(2089858483,b0f066a214c2f5e87bad3c948f4d605d) (ScriptedImporter) -> (artifact id: '542c71af639cedaf8d156840493bf823') in 0.0120858 seconds
Number of updated asset objects reloaded before import = 0Number of asset objects unloaded after import = 9

========================================================================
Received Import Request.
  Time since last request: 0.000017 seconds.
  path: Assets/Chris-Good/Third Person Controller/Animations/Joyful Jump.fbx
  artifactKey: Guid(fc5dbf8dd4236034eac921d870bf233a) Importer(2089858483,b0f066a214c2f5e87bad3c948f4d605d)
Start importing Assets/Chris-Good/Third Person Controller/Animations/Joyful Jump.fbx using Guid(fc5dbf8dd4236034eac921d870bf233a) Importer(2089858483,b0f066a214c2f5e87bad3c948f4d605d) (ScriptedImporter) -> (artifact id: '5dff8d868a1387ec801d1b6ddcbf7cee') in 0.013642 seconds
Number of updated asset objects reloaded before import = 0Number of asset objects unloaded after import = 111

========================================================================
Received Import Request.
  Time since last request: 0.000025 seconds.
  path: Assets/Blake/Custom Lighting/Colorised Lighting Green.mat
  artifactKey: Guid(d5fa8a0e65d15ac4d91c281590f47f96) Importer(2089858483,b0f066a214c2f5e87bad3c948f4d605d)
Start importing Assets/Blake/Custom Lighting/Colorised Lighting Green.mat using Guid(d5fa8a0e65d15ac4d91c281590f47f96) Importer(2089858483,b0f066a214c2f5e87bad3c948f4d605d) (ScriptedImporter) -> (artifact id: '231472cdc2d88c95ca0e20a1618f2b00') in 0.0120358 seconds
Number of updated asset objects reloaded before import = 0Number of asset objects unloaded after import = 10

========================================================================
Received Import Request.
  Time since last request: 0.000024 seconds.
  path: Assets/Blake/Imported Assets/Textures/Wood/Wood048_2K-JPG_NormalGL.jpg
  artifactKey: Guid(45772970d288a1340bec2dd02ac2e6c7) Importer(2089858483,b0f066a214c2f5e87bad3c948f4d605d)
Start importing Assets/Blake/Imported Assets/Textures/Wood/Wood048_2K-JPG_NormalGL.jpg using Guid(45772970d288a1340bec2dd02ac2e6c7) Importer(2089858483,b0f066a214c2f5e87bad3c948f4d605d) (ScriptedImporter) -> (artifact id: '4dd78ea4f3e49f03bc36c3b1b45f4196') in 0.0093696 seconds
Number of updated asset objects reloaded before import = 0Number of asset objects unloaded after import = 1

========================================================================
Received Import Request.
  Time since last request: 0.000016 seconds.
  path: Assets/IsaacR/Fantasy Skybox FREE/Cubemaps/Classic/FS000_Day_01_Sunless.png
  artifactKey: Guid(d6a64d96999aec647a489f7d73c1a4c6) Importer(2089858483,b0f066a214c2f5e87bad3c948f4d605d)
Start importing Assets/IsaacR/Fantasy Skybox FREE/Cubemaps/Classic/FS000_Day_01_Sunless.png using Guid(d6a64d96999aec647a489f7d73c1a4c6) Importer(2089858483,b0f066a214c2f5e87bad3c948f4d605d) (ScriptedImporter) -> (artifact id: '3f8882bc9177878f619cf1fb443283bb') in 0.0112545 seconds
Number of updated asset objects reloaded before import = 0Number of asset objects unloaded after import = 1

========================================================================
Received Import Request.
  Time since last request: 0.000016 seconds.
  path: Assets/IsaacR/Fantasy Skybox FREE/Cubemaps/Classic/FS000_Night_01_Moonless.mat
  artifactKey: Guid(1065b432639a84123a07ea43fe5ba4c9) Importer(2089858483,b0f066a214c2f5e87bad3c948f4d605d)
Start importing Assets/IsaacR/Fantasy Skybox FREE/Cubemaps/Classic/FS000_Night_01_Moonless.mat using Guid(1065b432639a84123a07ea43fe5ba4c9) Importer(2089858483,b0f066a214c2f5e87bad3c948f4d605d) (ScriptedImporter) -> (artifact id: 'c3c3c7d218b1e9174af8ba68024daaa9') in 0.008057 seconds
Number of updated asset objects reloaded before import = 0Number of asset objects unloaded after import = 2

========================================================================
Received Import Request.
  Time since last request: 0.000019 seconds.
  path: Assets/IsaacR/Fantasy Skybox FREE/Cubemaps/Classic/FS000_Night_01.png
  artifactKey: Guid(a64d2362d418d194f91274685fb10faf) Importer(2089858483,b0f066a214c2f5e87bad3c948f4d605d)
Start importing Assets/IsaacR/Fantasy Skybox FREE/Cubemaps/Classic/FS000_Night_01.png using Guid(a64d2362d418d194f91274685fb10faf) Importer(2089858483,b0f066a214c2f5e87bad3c948f4d605d) (ScriptedImporter) -> (artifact id: '3e1a8f9dc3b1e85f8422f8ceba2375e4') in 0.0071276 seconds
Number of updated asset objects reloaded before import = 0Number of asset objects unloaded after import = 1

========================================================================
Received Import Request.
  Time since last request: 0.000025 seconds.
  path: Assets/IsaacR/Fantasy Skybox FREE/Cubemaps/Classic/FS000_Night_01_Moonless.png
  artifactKey: Guid(ac8a32e5107b67a47939926c52798a2b) Importer(2089858483,b0f066a214c2f5e87bad3c948f4d605d)
Start importing Assets/IsaacR/Fantasy Skybox FREE/Cubemaps/Classic/FS000_Night_01_Moonless.png using Guid(ac8a32e5107b67a47939926c52798a2b) Importer(2089858483,b0f066a214c2f5e87bad3c948f4d605d) (ScriptedImporter) -> (artifact id: '79a5c699e6584a6e845ab7cdb9a5afdb') in 0.0069935 seconds
Number of updated asset objects reloaded before import = 0Number of asset objects unloaded after import = 1

========================================================================
Received Import Request.
  Time since last request: 0.000017 seconds.
  path: Assets/IsaacR/Fantasy Skybox FREE/Cubemaps/Classic/FS000_Day_06.mat
  artifactKey: Guid(123caa41e84e041d0bd65bb3ae888dd1) Importer(2089858483,b0f066a214c2f5e87bad3c948f4d605d)
Start importing Assets/IsaacR/Fantasy Skybox FREE/Cubemaps/Classic/FS000_Day_06.mat using Guid(123caa41e84e041d0bd65bb3ae888dd1) Importer(2089858483,b0f066a214c2f5e87bad3c948f4d605d) (ScriptedImporter) -> (artifact id: '6d2f62da8ea3173a3578ab3942bf1a31') in 0.0057223 seconds
Number of updated asset objects reloaded before import = 0Number of asset objects unloaded after import = 2

========================================================================
Received Import Request.
  Time since last request: 0.000014 seconds.
  path: Assets/Chris-Good/Fantasy Skyboxes/Midgard Skybox/Cubemaps/Midgard Cubemap 17.png
  artifactKey: Guid(b009d79ca0d32244084a0400a13fc679) Importer(2089858483,b0f066a214c2f5e87bad3c948f4d605d)
Start importing Assets/Chris-Good/Fantasy Skyboxes/Midgard Skybox/Cubemaps/Midgard Cubemap 17.png using Guid(b009d79ca0d32244084a0400a13fc679) Importer(2089858483,b0f066a214c2f5e87bad3c948f4d605d) (ScriptedImporter) -> (artifact id: '3d818ca7c1c7aefe7c4c4e3af5e1f579') in 0.090049 seconds
Number of updated asset objects reloaded before import = 0Number of asset objects unloaded after import = 1

========================================================================
Received Import Request.
  Time since last request: 0.000015 seconds.
  path: Assets/IsaacR/Fantasy Skybox FREE/Cubemaps/Classic/FS000_Day_01_Sunless.mat
  artifactKey: Guid(d48a7646f5d0547e889733d84b50cb9f) Importer(2089858483,b0f066a214c2f5e87bad3c948f4d605d)
Start importing Assets/IsaacR/Fantasy Skybox FREE/Cubemaps/Classic/FS000_Day_01_Sunless.mat using Guid(d48a7646f5d0547e889733d84b50cb9f) Importer(2089858483,b0f066a214c2f5e87bad3c948f4d605d) (ScriptedImporter) -> (artifact id: '5fe75644e70ce6fbe2bd20ef9f5a19c3') in 0.0069868 seconds
Number of updated asset objects reloaded before import = 0Number of asset objects unloaded after import = 2

========================================================================
Received Import Request.
  Time since last request: 0.000023 seconds.
  path: Assets/IsaacR/Fantasy Skybox FREE/Cubemaps/Classic/FS000_Day_04_Sunless.mat
  artifactKey: Guid(e1ec0e2320d2d4fb9a393769378ce0a1) Importer(2089858483,b0f066a214c2f5e87bad3c948f4d605d)
Start importing Assets/IsaacR/Fantasy Skybox FREE/Cubemaps/Classic/FS000_Day_04_Sunless.mat using Guid(e1ec0e2320d2d4fb9a393769378ce0a1) Importer(2089858483,b0f066a214c2f5e87bad3c948f4d605d) (ScriptedImporter) -> (artifact id: '629f8e111c2faf68044e822666b70eea') in 0.0069166 seconds
Number of updated asset objects reloaded before import = 0Number of asset objects unloaded after import = 2

========================================================================
Received Import Request.
  Time since last request: 0.000015 seconds.
  path: Assets/IsaacR/Fantasy Skybox FREE/Cubemaps/Classic/FS000_Day_06_Sunless.png
  artifactKey: Guid(5a80706490c0b9e458216d2d0bb6c8f5) Importer(2089858483,b0f066a214c2f5e87bad3c948f4d605d)
Start importing Assets/IsaacR/Fantasy Skybox FREE/Cubemaps/Classic/FS000_Day_06_Sunless.png using Guid(5a80706490c0b9e458216d2d0bb6c8f5) Importer(2089858483,b0f066a214c2f5e87bad3c948f4d605d) (ScriptedImporter) -> (artifact id: '4d3f9eddeb58976d31a5186d49615891') in 0.0102855 seconds
Number of updated asset objects reloaded before import = 0Number of asset objects unloaded after import = 1

========================================================================
Received Import Request.
  Time since last request: 0.000014 seconds.
  path: Assets/IsaacR/Fantasy Skybox FREE/Cubemaps/Classic/FS000_Day_02_Sunless.png
  artifactKey: Guid(a12ea62fd952d57439f49b6287da4762) Importer(2089858483,b0f066a214c2f5e87bad3c948f4d605d)
Start importing Assets/IsaacR/Fantasy Skybox FREE/Cubemaps/Classic/FS000_Day_02_Sunless.png using Guid(a12ea62fd952d57439f49b6287da4762) Importer(2089858483,b0f066a214c2f5e87bad3c948f4d605d) (ScriptedImporter) -> (artifact id: 'fee0b0941e89eefc2f3bb71a5cd4df64') in 0.0075447 seconds
Number of updated asset objects reloaded before import = 0Number of asset objects unloaded after import = 1

========================================================================
Received Import Request.
  Time since last request: 0.000012 seconds.
  path: Assets/IsaacR/TextMesh Pro/Shaders/TMP_SDF-HDRP UNLIT.shadergraph
  artifactKey: Guid(f63d574838ccfb44f84acc05fed0af48) Importer(2089858483,b0f066a214c2f5e87bad3c948f4d605d)
Start importing Assets/IsaacR/TextMesh Pro/Shaders/TMP_SDF-HDRP UNLIT.shadergraph using Guid(f63d574838ccfb44f84acc05fed0af48) Importer(2089858483,b0f066a214c2f5e87bad3c948f4d605d) (ScriptedImporter) -> (artifact id: '0a3ab13a0f9c8d26b2ee60dc29ea027b') in 0.0065689 seconds
Number of updated asset objects reloaded before import = 0Number of asset objects unloaded after import = 3

========================================================================
Received Import Request.
  Time since last request: 0.000016 seconds.
  path: Assets/IsaacR/Fantasy Skybox FREE/Panoramics/FS003/FS003_Day.mat
  artifactKey: Guid(c051fe5a20f72814f9643eb10ebbd2fc) Importer(2089858483,b0f066a214c2f5e87bad3c948f4d605d)
Start importing Assets/IsaacR/Fantasy Skybox FREE/Panoramics/FS003/FS003_Day.mat using Guid(c051fe5a20f72814f9643eb10ebbd2fc) Importer(2089858483,b0f066a214c2f5e87bad3c948f4d605d) (ScriptedImporter) -> (artifact id: 'ab80dc2975145eaa118292bf8d81039c') in 0.0094955 seconds
Number of updated asset objects reloaded before import = 0Number of asset objects unloaded after import = 2

========================================================================
Received Import Request.
  Time since last request: 0.000023 seconds.
  path: Assets/IsaacR/Fantasy Skybox FREE/Cubemaps/Classic/FS000_Night_02_Moonless.png
  artifactKey: Guid(6b1d9786203d21246bc448213b0f9aed) Importer(2089858483,b0f066a214c2f5e87bad3c948f4d605d)
Start importing Assets/IsaacR/Fantasy Skybox FREE/Cubemaps/Classic/FS000_Night_02_Moonless.png using Guid(6b1d9786203d21246bc448213b0f9aed) Importer(2089858483,b0f066a214c2f5e87bad3c948f4d605d) (ScriptedImporter) -> (artifact id: '945bbf6585ab5aca29e8ac27a015ee49') in 0.0073534 seconds
Number of updated asset objects reloaded before import = 0Number of asset objects unloaded after import = 1

========================================================================
Received Import Request.
  Time since last request: 0.000012 seconds.
  path: Assets/IsaacR/Fantasy Skybox FREE/Panoramics/FS002/FS002_Night.mat
  artifactKey: Guid(d1fdb8e44b28da34d9e922cca0bc740e) Importer(2089858483,b0f066a214c2f5e87bad3c948f4d605d)
Start importing Assets/IsaacR/Fantasy Skybox FREE/Panoramics/FS002/FS002_Night.mat using Guid(d1fdb8e44b28da34d9e922cca0bc740e) Importer(2089858483,b0f066a214c2f5e87bad3c948f4d605d) (ScriptedImporter) -> (artifact id: '45ca007c48fa093340321ea2fdac68c5') in 0.0062286 seconds
Number of updated asset objects reloaded before import = 0Number of asset objects unloaded after import = 2

========================================================================
Received Import Request.
  Time since last request: 0.000015 seconds.
  path: Assets/IsaacR/Fantasy Skybox FREE/Panoramics/FS003/FS003_Night_Moonless.png
  artifactKey: Guid(6185794ad33085a4a9f8446781cb8f15) Importer(2089858483,b0f066a214c2f5e87bad3c948f4d605d)
Start importing Assets/IsaacR/Fantasy Skybox FREE/Panoramics/FS003/FS003_Night_Moonless.png using Guid(6185794ad33085a4a9f8446781cb8f15) Importer(2089858483,b0f066a214c2f5e87bad3c948f4d605d) (ScriptedImporter) -> (artifact id: '953c2333e246c8617876e80424d74ae2') in 0.0111235 seconds
Number of updated asset objects reloaded before import = 0Number of asset objects unloaded after import = 1

========================================================================
Received Import Request.
  Time since last request: 0.000014 seconds.
  path: Assets/IsaacR/Fantasy Skybox FREE/Panoramics/FS002/FS002_Day_Sunless.mat
  artifactKey: Guid(67950864b84c5db4f9eee7ca51c85571) Importer(2089858483,b0f066a214c2f5e87bad3c948f4d605d)
Start importing Assets/IsaacR/Fantasy Skybox FREE/Panoramics/FS002/FS002_Day_Sunless.mat using Guid(67950864b84c5db4f9eee7ca51c85571) Importer(2089858483,b0f066a214c2f5e87bad3c948f4d605d) (ScriptedImporter) -> (artifact id: '37556591aee5e161baecc53bec3af106') in 0.0062218 seconds
Number of updated asset objects reloaded before import = 0Number of asset objects unloaded after import = 2

========================================================================
Received Import Request.
  Time since last request: 0.000016 seconds.
  path: Assets/IsaacR/Fantasy Skybox FREE/Panoramics/FS003/FS003_Day_Sunless.mat
  artifactKey: Guid(0f1401d983cde1c49a7f687a57e62c5a) Importer(2089858483,b0f066a214c2f5e87bad3c948f4d605d)
Start importing Assets/IsaacR/Fantasy Skybox FREE/Panoramics/FS003/FS003_Day_Sunless.mat using Guid(0f1401d983cde1c49a7f687a57e62c5a) Importer(2089858483,b0f066a214c2f5e87bad3c948f4d605d) (ScriptedImporter) -> (artifact id: 'f88238932f13ddbb31b850b7d010126b') in 0.0064186 seconds
Number of updated asset objects reloaded before import = 0Number of asset objects unloaded after import = 2

========================================================================
Received Import Request.
  Time since last request: 0.000022 seconds.
  path: Assets/IsaacR/Fantasy Skybox FREE/Panoramics/FS002/FS002_Day.mat
  artifactKey: Guid(9ca22510633fbfd4399f1704cd9d5c72) Importer(2089858483,b0f066a214c2f5e87bad3c948f4d605d)
Start importing Assets/IsaacR/Fantasy Skybox FREE/Panoramics/FS002/FS002_Day.mat using Guid(9ca22510633fbfd4399f1704cd9d5c72) Importer(2089858483,b0f066a214c2f5e87bad3c948f4d605d) (ScriptedImporter) -> (artifact id: '44a51f341a62db3bd584fbfd39c783e8') in 0.0056324 seconds
Number of updated asset objects reloaded before import = 0Number of asset objects unloaded after import = 2

========================================================================
Received Import Request.
  Time since last request: 0.000015 seconds.
  path: Assets/IsaacR/Fantasy Skybox FREE/Panoramics/FS002/FS002_Sunrise.mat
  artifactKey: Guid(7c86d4abbd33b564b9e773aceadb8572) Importer(2089858483,b0f066a214c2f5e87bad3c948f4d605d)
Start importing Assets/IsaacR/Fantasy Skybox FREE/Panoramics/FS002/FS002_Sunrise.mat using Guid(7c86d4abbd33b564b9e773aceadb8572) Importer(2089858483,b0f066a214c2f5e87bad3c948f4d605d) (ScriptedImporter) -> (artifact id: 'fe3760d61df1b3db9a0459a3e7088edd') in 0.0070034 seconds
Number of updated asset objects reloaded before import = 0Number of asset objects unloaded after import = 2

========================================================================
Received Import Request.
  Time since last request: 0.000015 seconds.
  path: Assets/IsaacR/Fantasy Skybox FREE/Panoramics/FS002/FS002_Rainy.png
  artifactKey: Guid(9183c8173b34a5741a60673a672347cb) Importer(2089858483,b0f066a214c2f5e87bad3c948f4d605d)
Start importing Assets/IsaacR/Fantasy Skybox FREE/Panoramics/FS002/FS002_Rainy.png using Guid(9183c8173b34a5741a60673a672347cb) Importer(2089858483,b0f066a214c2f5e87bad3c948f4d605d) (ScriptedImporter) -> (artifact id: '430d874e6487c9310bdb05c8ca96c461') in 0.0083774 seconds
Number of updated asset objects reloaded before import = 0Number of asset objects unloaded after import = 1

========================================================================
Received Import Request.
  Time since last request: 0.000013 seconds.
  path: Assets/IsaacR/Fantasy Skybox FREE/Cubemaps/Classic/FS000_Night_03.mat
  artifactKey: Guid(f8a60d169ab8a46b09c9b01a3e51601f) Importer(2089858483,b0f066a214c2f5e87bad3c948f4d605d)
Start importing Assets/IsaacR/Fantasy Skybox FREE/Cubemaps/Classic/FS000_Night_03.mat using Guid(f8a60d169ab8a46b09c9b01a3e51601f) Importer(2089858483,b0f066a214c2f5e87bad3c948f4d605d) (ScriptedImporter) -> (artifact id: 'a75869114872a101dfeb2959af0dc0f7') in 0.0058057 seconds
Number of updated asset objects reloaded before import = 0Number of asset objects unloaded after import = 2

========================================================================
Received Import Request.
  Time since last request: 0.000017 seconds.
  path: Assets/IsaacR/Fantasy Skybox FREE/Cubemaps/Classic/FS000_Night_02_Moonless.mat
  artifactKey: Guid(94caf2ba4ca5e46bfaba53afcc8778dd) Importer(2089858483,b0f066a214c2f5e87bad3c948f4d605d)
Start importing Assets/IsaacR/Fantasy Skybox FREE/Cubemaps/Classic/FS000_Night_02_Moonless.mat using Guid(94caf2ba4ca5e46bfaba53afcc8778dd) Importer(2089858483,b0f066a214c2f5e87bad3c948f4d605d) (ScriptedImporter) -> (artifact id: 'fddd7af17b33a21f4ff4d00445aaed83') in 0.0059954 seconds
Number of updated asset objects reloaded before import = 0Number of asset objects unloaded after import = 2

========================================================================
Received Import Request.
  Time since last request: 0.000024 seconds.
  path: Assets/Chris-Good/Fantasy Skyboxes/Midgard Skybox/LICENSE.md
  artifactKey: Guid(beaf4b46bd5463e44a6b62d465512dd5) Importer(2089858483,b0f066a214c2f5e87bad3c948f4d605d)
Start importing Assets/Chris-Good/Fantasy Skyboxes/Midgard Skybox/LICENSE.md using Guid(beaf4b46bd5463e44a6b62d465512dd5) Importer(2089858483,b0f066a214c2f5e87bad3c948f4d605d) (ScriptedImporter) -> (artifact id: 'ddbfea7a8e6eda11a199f9690e8783f7') in 0.003651 seconds
Number of updated asset objects reloaded before import = 0Number of asset objects unloaded after import = 1

========================================================================
Received Import Request.
  Time since last request: 0.000016 seconds.
  path: Assets/IsaacR/Fantasy Skybox FREE/Cubemaps/Classic/FS000_Day_05.png
  artifactKey: Guid(3b9c8413bb7d59b4dbd832a9122271cb) Importer(2089858483,b0f066a214c2f5e87bad3c948f4d605d)
Start importing Assets/IsaacR/Fantasy Skybox FREE/Cubemaps/Classic/FS000_Day_05.png using Guid(3b9c8413bb7d59b4dbd832a9122271cb) Importer(2089858483,b0f066a214c2f5e87bad3c948f4d605d) (ScriptedImporter) -> (artifact id: 'ec9e53a147a0b9d34b317ee18f12ef22') in 0.0087706 seconds
Number of updated asset objects reloaded before import = 0Number of asset objects unloaded after import = 1

========================================================================
Received Import Request.
  Time since last request: 0.000015 seconds.
  path: Assets/IsaacR/Fantasy Skybox FREE/Panoramics/FS017/FS017_Snowy.png
  artifactKey: Guid(787c830ffbe38b14a9c7bcf39669cdfe) Importer(2089858483,b0f066a214c2f5e87bad3c948f4d605d)
Start importing Assets/IsaacR/Fantasy Skybox FREE/Panoramics/FS017/FS017_Snowy.png using Guid(787c830ffbe38b14a9c7bcf39669cdfe) Importer(2089858483,b0f066a214c2f5e87bad3c948f4d605d) (ScriptedImporter) -> (artifact id: 'e16a22ac62c50a5fb895322741698f35') in 0.0080097 seconds
Number of updated asset objects reloaded before import = 0Number of asset objects unloaded after import = 1

========================================================================
Received Import Request.
  Time since last request: 0.000013 seconds.
  path: Assets/IsaacR/Fantasy Skybox FREE/Panoramics/FS017/FS017_Rainy.png
  artifactKey: Guid(16d9adf6c3330a04791bfc80481167c2) Importer(2089858483,b0f066a214c2f5e87bad3c948f4d605d)
Start importing Assets/IsaacR/Fantasy Skybox FREE/Panoramics/FS017/FS017_Rainy.png using Guid(16d9adf6c3330a04791bfc80481167c2) Importer(2089858483,b0f066a214c2f5e87bad3c948f4d605d) (ScriptedImporter) -> (artifact id: '6b333a95b788116d3ffbd1b7a0d4df71') in 0.0081006 seconds
Number of updated asset objects reloaded before import = 0Number of asset objects unloaded after import = 1

========================================================================
Received Import Request.
  Time since last request: 0.000016 seconds.
  path: Assets/IsaacR/Fantasy Skybox FREE/Panoramics/FS017/FS017_Night_Moonless.png
  artifactKey: Guid(71af0a156cd7ed6469b31ce35294a78b) Importer(2089858483,b0f066a214c2f5e87bad3c948f4d605d)
Start importing Assets/IsaacR/Fantasy Skybox FREE/Panoramics/FS017/FS017_Night_Moonless.png using Guid(71af0a156cd7ed6469b31ce35294a78b) Importer(2089858483,b0f066a214c2f5e87bad3c948f4d605d) (ScriptedImporter) -> (artifact id: 'a6b341d25520e94ce1fdafa13527c00a') in 0.0088319 seconds
Number of updated asset objects reloaded before import = 0Number of asset objects unloaded after import = 1

========================================================================
Received Import Request.
  Time since last request: 0.000022 seconds.
  path: Assets/IsaacR/Fantasy Skybox FREE/Panoramics/FS017/FS017_Day.png
  artifactKey: Guid(53129b20db5c19c4a9f4fcd4efd08b96) Importer(2089858483,b0f066a214c2f5e87bad3c948f4d605d)
Start importing Assets/IsaacR/Fantasy Skybox FREE/Panoramics/FS017/FS017_Day.png using Guid(53129b20db5c19c4a9f4fcd4efd08b96) Importer(2089858483,b0f066a214c2f5e87bad3c948f4d605d) (ScriptedImporter) -> (artifact id: 'eae46c1d80a578e32c823d23b7e17c8a') in 0.0078468 seconds
Number of updated asset objects reloaded before import = 0Number of asset objects unloaded after import = 1

========================================================================
Received Import Request.
  Time since last request: 0.000017 seconds.
  path: Assets/IsaacR/Fantasy Skybox FREE/Panoramics/FS013/FS013_Night_Moonless.png
  artifactKey: Guid(a81552b25f3b36b43b82a6c5daf6e098) Importer(2089858483,b0f066a214c2f5e87bad3c948f4d605d)
Start importing Assets/IsaacR/Fantasy Skybox FREE/Panoramics/FS013/FS013_Night_Moonless.png using Guid(a81552b25f3b36b43b82a6c5daf6e098) Importer(2089858483,b0f066a214c2f5e87bad3c948f4d605d) (ScriptedImporter) -> (artifact id: '11053887fdd56c36854714ffb26df721') in 0.0079262 seconds
Number of updated asset objects reloaded before import = 0Number of asset objects unloaded after import = 1

========================================================================
Received Import Request.
  Time since last request: 0.000014 seconds.
  path: Assets/IsaacR/Fantasy Skybox FREE/Panoramics/FS017/FS017_Night_Moonless.mat
  artifactKey: Guid(48d4f62e2d5af1643a431d2f4b07ccbb) Importer(2089858483,b0f066a214c2f5e87bad3c948f4d605d)
Start importing Assets/IsaacR/Fantasy Skybox FREE/Panoramics/FS017/FS017_Night_Moonless.mat using Guid(48d4f62e2d5af1643a431d2f4b07ccbb) Importer(2089858483,b0f066a214c2f5e87bad3c948f4d605d) (ScriptedImporter) -> (artifact id: 'cb507fada6bd30a1f569a76d49961edd') in 0.0059219 seconds
Number of updated asset objects reloaded before import = 0Number of asset objects unloaded after import = 2

========================================================================
Received Import Request.
  Time since last request: 0.000022 seconds.
  path: Assets/IsaacR/Fantasy Skybox FREE/Panoramics/FS013/FS013_Day.png
  artifactKey: Guid(163214a3accfb80488d2e6a27f45b743) Importer(2089858483,b0f066a214c2f5e87bad3c948f4d605d)
Start importing Assets/IsaacR/Fantasy Skybox FREE/Panoramics/FS013/FS013_Day.png using Guid(163214a3accfb80488d2e6a27f45b743) Importer(2089858483,b0f066a214c2f5e87bad3c948f4d605d) (ScriptedImporter) -> (artifact id: '05e2f742dca537a1b1a45b8890cd1078') in 0.0079032 seconds
Number of updated asset objects reloaded before import = 0Number of asset objects unloaded after import = 1

========================================================================
Received Import Request.
  Time since last request: 0.000017 seconds.
  path: Assets/IsaacR/Fantasy Skybox FREE/Panoramics/FS017/FS017_Day_Sunless.png
  artifactKey: Guid(268c93021d7cf59469304bd4e244f156) Importer(2089858483,b0f066a214c2f5e87bad3c948f4d605d)
Start importing Assets/IsaacR/Fantasy Skybox FREE/Panoramics/FS017/FS017_Day_Sunless.png using Guid(268c93021d7cf59469304bd4e244f156) Importer(2089858483,b0f066a214c2f5e87bad3c948f4d605d) (ScriptedImporter) -> (artifact id: 'c179f43b5076db4d498b240f47936cfb') in 0.0079513 seconds
Number of updated asset objects reloaded before import = 0Number of asset objects unloaded after import = 1

========================================================================
Received Import Request.
  Time since last request: 0.000026 seconds.
  path: Assets/IsaacR/Fantasy Skybox FREE/Panoramics/FS017/FS017_Sunrise.mat
  artifactKey: Guid(39d27e80110a983468075fd1868610d7) Importer(2089858483,b0f066a214c2f5e87bad3c948f4d605d)
Start importing Assets/IsaacR/Fantasy Skybox FREE/Panoramics/FS017/FS017_Sunrise.mat using Guid(39d27e80110a983468075fd1868610d7) Importer(2089858483,b0f066a214c2f5e87bad3c948f4d605d) (ScriptedImporter) -> (artifact id: '3d02cb0a4bc44588574e5e64397cf5af') in 0.0069966 seconds
Number of updated asset objects reloaded before import = 0Number of asset objects unloaded after import = 2

========================================================================
Received Import Request.
  Time since last request: 0.000017 seconds.
  path: Assets/IsaacR/Fantasy Skybox FREE/Panoramics/FS017/FS017_Sunset.mat
  artifactKey: Guid(aed657681c6812845bb7736c343b5e9b) Importer(2089858483,b0f066a214c2f5e87bad3c948f4d605d)
Start importing Assets/IsaacR/Fantasy Skybox FREE/Panoramics/FS017/FS017_Sunset.mat using Guid(aed657681c6812845bb7736c343b5e9b) Importer(2089858483,b0f066a214c2f5e87bad3c948f4d605d) (ScriptedImporter) -> (artifact id: '354f16dd9f070c7bebaf5840daf70514') in 0.007635 seconds
Number of updated asset objects reloaded before import = 0Number of asset objects unloaded after import = 2

========================================================================
Received Import Request.
  Time since last request: 0.000015 seconds.
  path: Assets/IsaacR/Fantasy Skybox FREE/Scenes/Textures (Terrain)/Brush_Grass_01.png
  artifactKey: Guid(e3970f24555e12a46b75cdf5140ff23e) Importer(2089858483,b0f066a214c2f5e87bad3c948f4d605d)
Start importing Assets/IsaacR/Fantasy Skybox FREE/Scenes/Textures (Terrain)/Brush_Grass_01.png using Guid(e3970f24555e12a46b75cdf5140ff23e) Importer(2089858483,b0f066a214c2f5e87bad3c948f4d605d) (ScriptedImporter) -> (artifact id: 'f8afddbde6963ff919c04dc114ac13b8') in 0.0111069 seconds
Number of updated asset objects reloaded before import = 0Number of asset objects unloaded after import = 1

========================================================================
Received Import Request.
  Time since last request: 0.000015 seconds.
  path: Assets/IsaacR/Fantasy Skybox FREE/Cubemaps/Classic/FS000_Day_02.png
  artifactKey: Guid(88c467166db994146961f1ecc5fc214e) Importer(2089858483,b0f066a214c2f5e87bad3c948f4d605d)
Start importing Assets/IsaacR/Fantasy Skybox FREE/Cubemaps/Classic/FS000_Day_02.png using Guid(88c467166db994146961f1ecc5fc214e) Importer(2089858483,b0f066a214c2f5e87bad3c948f4d605d) (ScriptedImporter) -> (artifact id: '226e952a8ae16b274f227fbcda82b4bc') in 0.0080929 seconds
Number of updated asset objects reloaded before import = 0Number of asset objects unloaded after import = 1

========================================================================
Received Import Request.
  Time since last request: 0.000033 seconds.
  path: Assets/IsaacR/Materials and Textures/New Material 1.mat
  artifactKey: Guid(1d1a432d8285a4d1499d43b278260b7f) Importer(2089858483,b0f066a214c2f5e87bad3c948f4d605d)
Start importing Assets/IsaacR/Materials and Textures/New Material 1.mat using Guid(1d1a432d8285a4d1499d43b278260b7f) Importer(2089858483,b0f066a214c2f5e87bad3c948f4d605d) (ScriptedImporter) -> (artifact id: '0a426ff337abf38bff1e6d9a886c3ab6') in 0.006311 seconds
Number of updated asset objects reloaded before import = 0Number of asset objects unloaded after import = 2

========================================================================
Received Import Request.
  Time since last request: 0.000026 seconds.
  path: Assets/IsaacR/Models and Prefabs/Walls and Floors/Demo Scenes/Demo Dungeons.unity
  artifactKey: Guid(5959032ec556bc54ca35ba7358d6295b) Importer(2089858483,b0f066a214c2f5e87bad3c948f4d605d)
Start importing Assets/IsaacR/Models and Prefabs/Walls and Floors/Demo Scenes/Demo Dungeons.unity using Guid(5959032ec556bc54ca35ba7358d6295b) Importer(2089858483,b0f066a214c2f5e87bad3c948f4d605d) (ScriptedImporter) -> (artifact id: '512313d6b3d5b581989f4cc41b2baaa9') in 0.0222156 seconds
Number of updated asset objects reloaded before import = 0Number of asset objects unloaded after import = 1

========================================================================
Received Import Request.
  Time since last request: 0.000014 seconds.
  path: Assets/IsaacR/Polyeler/Simple Train Pack/Meshes/train.fbx
  artifactKey: Guid(27586812bc6d9d544afc0c5296019881) Importer(2089858483,b0f066a214c2f5e87bad3c948f4d605d)
Start importing Assets/IsaacR/Polyeler/Simple Train Pack/Meshes/train.fbx using Guid(27586812bc6d9d544afc0c5296019881) Importer(2089858483,b0f066a214c2f5e87bad3c948f4d605d) (ScriptedImporter) -> (artifact id: '78df46f71dd63575b35bb6f0a15beecc') in 0.0230758 seconds
Number of updated asset objects reloaded before import = 0Number of asset objects unloaded after import = 99

========================================================================
Received Import Request.
  Time since last request: 0.000016 seconds.
  path: Assets/IsaacR/Fantasy Skybox FREE/Scenes/Textures (Terrain)/Texture_Dirt_Diffuse.png
  artifactKey: Guid(37d1938c74868484ea08b34225eb73b7) Importer(2089858483,b0f066a214c2f5e87bad3c948f4d605d)
Start importing Assets/IsaacR/Fantasy Skybox FREE/Scenes/Textures (Terrain)/Texture_Dirt_Diffuse.png using Guid(37d1938c74868484ea08b34225eb73b7) Importer(2089858483,b0f066a214c2f5e87bad3c948f4d605d) (ScriptedImporter) -> (artifact id: 'b991206101a3ef4511ad02fb71b8bdb1') in 0.0089539 seconds
Number of updated asset objects reloaded before import = 0Number of asset objects unloaded after import = 1

========================================================================
Received Import Request.
  Time since last request: 0.000017 seconds.
  path: Assets/IsaacR/Fantasy Skybox FREE/Scenes/Textures (Terrain)/TerrainRock.terrainlayer
  artifactKey: Guid(ca948470117be2143a600fa882a2b77a) Importer(2089858483,b0f066a214c2f5e87bad3c948f4d605d)
Start importing Assets/IsaacR/Fantasy Skybox FREE/Scenes/Textures (Terrain)/TerrainRock.terrainlayer using Guid(ca948470117be2143a600fa882a2b77a) Importer(2089858483,b0f066a214c2f5e87bad3c948f4d605d) (ScriptedImporter) -> (artifact id: '402efbba91798cfb9f6e0dcb9479b994') in 0.0095461 seconds
Number of updated asset objects reloaded before import = 0Number of asset objects unloaded after import = 3

========================================================================
Received Import Request.
  Time since last request: 0.000032 seconds.
  path: Assets/IsaacR/Fantasy Skybox FREE/Scenes/Textures (Terrain)/Texture_Grass_Diffuse.png
  artifactKey: Guid(5e1acf362611957488060eee4178b3f3) Importer(2089858483,b0f066a214c2f5e87bad3c948f4d605d)
Start importing Assets/IsaacR/Fantasy Skybox FREE/Scenes/Textures (Terrain)/Texture_Grass_Diffuse.png using Guid(5e1acf362611957488060eee4178b3f3) Importer(2089858483,b0f066a214c2f5e87bad3c948f4d605d) (ScriptedImporter) -> (artifact id: '7b30583b352ee2f5d86e39f024369a19') in 0.0088162 seconds
Number of updated asset objects reloaded before import = 0Number of asset objects unloaded after import = 1

========================================================================
Received Import Request.
  Time since last request: 0.000013 seconds.
  path: Assets/IsaacR/Third Person Controller/Animations/Materials/Beta_Body_MAT.mat
  artifactKey: Guid(acd8f9eac824a734fa1d6777235304eb) Importer(2089858483,b0f066a214c2f5e87bad3c948f4d605d)
Start importing Assets/IsaacR/Third Person Controller/Animations/Materials/Beta_Body_MAT.mat using Guid(acd8f9eac824a734fa1d6777235304eb) Importer(2089858483,b0f066a214c2f5e87bad3c948f4d605d) (ScriptedImporter) -> (artifact id: 'c300de61b5c060133d6c894d10e7c086') in 0.0063626 seconds
Number of updated asset objects reloaded before import = 0Number of asset objects unloaded after import = 1

========================================================================
Received Import Request.
  Time since last request: 0.000015 seconds.
  path: Assets/IsaacR/TextMesh Pro/Resources/Style Sheets/Default Style Sheet.asset
  artifactKey: Guid(f952c082cb03451daed3ee968ac6c63e) Importer(2089858483,b0f066a214c2f5e87bad3c948f4d605d)
Start importing Assets/IsaacR/TextMesh Pro/Resources/Style Sheets/Default Style Sheet.asset using Guid(f952c082cb03451daed3ee968ac6c63e) Importer(2089858483,b0f066a214c2f5e87bad3c948f4d605d) (ScriptedImporter) -> (artifact id: '4b73ae16c96f44b0f5c7e60148b64d7f') in 0.0050039 seconds
Number of updated asset objects reloaded before import = 0Number of asset objects unloaded after import = 1

========================================================================
Received Import Request.
  Time since last request: 0.000014 seconds.
  path: Assets/IsaacR/Fantasy Skybox FREE/Scenes/Textures (Terrain)/SampleTerrain.asset
  artifactKey: Guid(053158c74390f9e4eb2fbfb90564a82e) Importer(2089858483,b0f066a214c2f5e87bad3c948f4d605d)
Start importing Assets/IsaacR/Fantasy Skybox FREE/Scenes/Textures (Terrain)/SampleTerrain.asset using Guid(053158c74390f9e4eb2fbfb90564a82e) Importer(2089858483,b0f066a214c2f5e87bad3c948f4d605d) (ScriptedImporter) -> (artifact id: 'fb66a9dc2f19b04aefcff43b4ca9559f') in 0.0673122 seconds
Number of updated asset objects reloaded before import = 0Number of asset objects unloaded after import = 5

========================================================================
Received Import Request.
  Time since last request: 0.000024 seconds.
  path: Assets/IsaacR/Polyeler/Simple Train Pack/Materials/Color3.mat
  artifactKey: Guid(6d8d50e342721a640a880cb9e68b967c) Importer(2089858483,b0f066a214c2f5e87bad3c948f4d605d)
Start importing Assets/IsaacR/Polyeler/Simple Train Pack/Materials/Color3.mat using Guid(6d8d50e342721a640a880cb9e68b967c) Importer(2089858483,b0f066a214c2f5e87bad3c948f4d605d) (ScriptedImporter) -> (artifact id: '7f02d01a8666a10c114b16ca6f5efdf8') in 0.0061171 seconds
Number of updated asset objects reloaded before import = 0Number of asset objects unloaded after import = 2

========================================================================
Received Import Request.
  Time since last request: 0.000028 seconds.
  path: Assets/IsaacR/Polyeler/Simple Train Pack/Materials/Plane.mat
  artifactKey: Guid(f852d1ad7a81850449eea9a104447b1c) Importer(2089858483,b0f066a214c2f5e87bad3c948f4d605d)
Start importing Assets/IsaacR/Polyeler/Simple Train Pack/Materials/Plane.mat using Guid(f852d1ad7a81850449eea9a104447b1c) Importer(2089858483,b0f066a214c2f5e87bad3c948f4d605d) (ScriptedImporter) -> (artifact id: 'ca5e5f930c9dde8218686c79e13bef7d') in 0.0064762 seconds
Number of updated asset objects reloaded before import = 0Number of asset objects unloaded after import = 2

========================================================================
Received Import Request.
  Time since last request: 0.000016 seconds.
  path: Assets/Chris-Good/AK Studio Art/Bust Of Sappho/Models/Bust of Sappho/Bust Of Sappho Maskmap.png
  artifactKey: Guid(2cae02bf42cc8344ba3f473d9978da4f) Importer(2089858483,b0f066a214c2f5e87bad3c948f4d605d)
Start importing Assets/Chris-Good/AK Studio Art/Bust Of Sappho/Models/Bust of Sappho/Bust Of Sappho Maskmap.png using Guid(2cae02bf42cc8344ba3f473d9978da4f) Importer(2089858483,b0f066a214c2f5e87bad3c948f4d605d) (ScriptedImporter) -> (artifact id: 'f0660e5da3a4dd9d240d886906e73694') in 0.009227 seconds
Number of updated asset objects reloaded before import = 0Number of asset objects unloaded after import = 1

========================================================================
Received Import Request.
  Time since last request: 0.000020 seconds.
  path: Assets/Chris-Good/Models and Prefabs/Walls and Floors/Models/Stone/Wall-Stone-Model-11.fbx
  artifactKey: Guid(649857b5c6016d84facb7ec598e39b7b) Importer(2089858483,b0f066a214c2f5e87bad3c948f4d605d)
Start importing Assets/Chris-Good/Models and Prefabs/Walls and Floors/Models/Stone/Wall-Stone-Model-11.fbx using Guid(649857b5c6016d84facb7ec598e39b7b) Importer(2089858483,b0f066a214c2f5e87bad3c948f4d605d) (ScriptedImporter) -> (artifact id: 'c29a04fcd50219f2d62c3ec6d7359a9e') in 0.0095682 seconds
Number of updated asset objects reloaded before import = 0Number of asset objects unloaded after import = 8

========================================================================
Received Import Request.
  Time since last request: 0.000013 seconds.
  path: Assets/Chris-Good/Models and Prefabs/Walls and Floors/Models/Stone/Door-Stone-Model-01.fbx
  artifactKey: Guid(74ebe22ecd828b649b0abb2df1e8edd7) Importer(2089858483,b0f066a214c2f5e87bad3c948f4d605d)
Start importing Assets/Chris-Good/Models and Prefabs/Walls and Floors/Models/Stone/Door-Stone-Model-01.fbx using Guid(74ebe22ecd828b649b0abb2df1e8edd7) Importer(2089858483,b0f066a214c2f5e87bad3c948f4d605d) (ScriptedImporter) -> (artifact id: 'd48a14c954e337039b90ca1c3c4c3173') in 0.0164193 seconds
Number of updated asset objects reloaded before import = 0Number of asset objects unloaded after import = 8

========================================================================
Received Import Request.
  Time since last request: 0.000017 seconds.
  path: Assets/Chris-Good/Models and Prefabs/Walls and Floors/Models/Stone/Corner-Stone-Model-01.fbx
  artifactKey: Guid(6744ca4de971994489981aa91b097388) Importer(2089858483,b0f066a214c2f5e87bad3c948f4d605d)
Start importing Assets/Chris-Good/Models and Prefabs/Walls and Floors/Models/Stone/Corner-Stone-Model-01.fbx using Guid(6744ca4de971994489981aa91b097388) Importer(2089858483,b0f066a214c2f5e87bad3c948f4d605d) (ScriptedImporter) -> (artifact id: '944a387bcc6a10b2f32244ec845fd045') in 0.0095422 seconds
Number of updated asset objects reloaded before import = 0Number of asset objects unloaded after import = 8

========================================================================
Received Import Request.
  Time since last request: 0.000023 seconds.
  path: Assets/Chris-Good/AK Studio Art/Bust Of Sappho/Models/Bust of Sappho/Bust Of Sappho Normal.png
  artifactKey: Guid(9e96cd06c462ca34987a473d5439251f) Importer(2089858483,b0f066a214c2f5e87bad3c948f4d605d)
Start importing Assets/Chris-Good/AK Studio Art/Bust Of Sappho/Models/Bust of Sappho/Bust Of Sappho Normal.png using Guid(9e96cd06c462ca34987a473d5439251f) Importer(2089858483,b0f066a214c2f5e87bad3c948f4d605d) (ScriptedImporter) -> (artifact id: '571cc165ea2159e95671667f95421ec6') in 0.0110266 seconds
Number of updated asset objects reloaded before import = 0Number of asset objects unloaded after import = 1

========================================================================
Received Import Request.
  Time since last request: 0.000013 seconds.
  path: Assets/Chris-Good/Models and Prefabs/Walls and Floors/Models/Stone/Wall-Stone-Model-03.fbx
  artifactKey: Guid(68c1e5672f3034f42bb355a93d2c4a32) Importer(2089858483,b0f066a214c2f5e87bad3c948f4d605d)
Start importing Assets/Chris-Good/Models and Prefabs/Walls and Floors/Models/Stone/Wall-Stone-Model-03.fbx using Guid(68c1e5672f3034f42bb355a93d2c4a32) Importer(2089858483,b0f066a214c2f5e87bad3c948f4d605d) (ScriptedImporter) -> (artifact id: '1a11afcbd91c0928906851173accaef0') in 0.009716 seconds
Number of updated asset objects reloaded before import = 0Number of asset objects unloaded after import = 8

========================================================================
Received Import Request.
  Time since last request: 0.000019 seconds.
  path: Assets/Chris-Good/Models and Prefabs/Walls and Floors/Models/Stone/Floor-Stone-Model-03.fbx
  artifactKey: Guid(629ed46ff0eb7f04eb84427ab0c5515d) Importer(2089858483,b0f066a214c2f5e87bad3c948f4d605d)
Start importing Assets/Chris-Good/Models and Prefabs/Walls and Floors/Models/Stone/Floor-Stone-Model-03.fbx using Guid(629ed46ff0eb7f04eb84427ab0c5515d) Importer(2089858483,b0f066a214c2f5e87bad3c948f4d605d) (ScriptedImporter) -> (artifact id: 'f83f71afb8b599e41cc05fce6a090a55') in 0.0098229 seconds
Number of updated asset objects reloaded before import = 0Number of asset objects unloaded after import = 8

========================================================================
Received Import Request.
  Time since last request: 0.000016 seconds.
  path: Assets/Chris-Good/Models and Prefabs/Walls and Floors/Models/Stone/Floor-Stone-Model-01.fbx
  artifactKey: Guid(cce27d9bcfebb3d4ca5c48edc5f08208) Importer(2089858483,b0f066a214c2f5e87bad3c948f4d605d)
Start importing Assets/Chris-Good/Models and Prefabs/Walls and Floors/Models/Stone/Floor-Stone-Model-01.fbx using Guid(cce27d9bcfebb3d4ca5c48edc5f08208) Importer(2089858483,b0f066a214c2f5e87bad3c948f4d605d) (ScriptedImporter) -> (artifact id: '8ecf548a6e2ecdff5d2d3ec826efcc6e') in 0.0093193 seconds
Number of updated asset objects reloaded before import = 0Number of asset objects unloaded after import = 8

========================================================================
Received Import Request.
  Time since last request: 0.000016 seconds.
  path: Assets/Chris-Good/Models and Prefabs/Walls and Floors/Models/Stone/Wall-Stone-Model-01.fbx
  artifactKey: Guid(a7c8b49e49f70ca499d193de1cf916b7) Importer(2089858483,b0f066a214c2f5e87bad3c948f4d605d)
Start importing Assets/Chris-Good/Models and Prefabs/Walls and Floors/Models/Stone/Wall-Stone-Model-01.fbx using Guid(a7c8b49e49f70ca499d193de1cf916b7) Importer(2089858483,b0f066a214c2f5e87bad3c948f4d605d) (ScriptedImporter) -> (artifact id: 'ba56259e231ded22618fc17ed8afab85') in 0.0101351 seconds
Number of updated asset objects reloaded before import = 0Number of asset objects unloaded after import = 8

========================================================================
Received Import Request.
  Time since last request: 0.000022 seconds.
  path: Assets/Chris-Good/Models and Prefabs/Walls and Floors/Models/Stone/Floor-Stone-Model-02.fbx
  artifactKey: Guid(ccd18f35a7e361d41a4202a5adb3687f) Importer(2089858483,b0f066a214c2f5e87bad3c948f4d605d)
Start importing Assets/Chris-Good/Models and Prefabs/Walls and Floors/Models/Stone/Floor-Stone-Model-02.fbx using Guid(ccd18f35a7e361d41a4202a5adb3687f) Importer(2089858483,b0f066a214c2f5e87bad3c948f4d605d) (ScriptedImporter) -> (artifact id: '80c5b211b7423d2e51bb6c6e3801a315') in 0.0090779 seconds
Number of updated asset objects reloaded before import = 0Number of asset objects unloaded after import = 8

========================================================================
Received Import Request.
  Time since last request: 0.000014 seconds.
  path: Assets/Chris-Good/Models and Prefabs/Walls and Floors/Demo Scenes/Demo Dungeons/LightingData.asset
  artifactKey: Guid(a366c74270667e149898bd078a158343) Importer(2089858483,b0f066a214c2f5e87bad3c948f4d605d)
Start importing Assets/Chris-Good/Models and Prefabs/Walls and Floors/Demo Scenes/Demo Dungeons/LightingData.asset using Guid(a366c74270667e149898bd078a158343) Importer(2089858483,b0f066a214c2f5e87bad3c948f4d605d) (ScriptedImporter) -> (artifact id: '6a782aa167b5207e3c6d3c5f4d1d41b5') in 0.004693 seconds
Number of updated asset objects reloaded before import = 0Number of asset objects unloaded after import = 2

========================================================================
Received Import Request.
  Time since last request: 0.000012 seconds.
  path: Assets/IsaacR/Models and Prefabs/Walls and Floors/Demo Scenes/Demo Dungeons/ReflectionProbe-0.exr
  artifactKey: Guid(d5ff799490e5e4fec8911354f512225a) Importer(2089858483,b0f066a214c2f5e87bad3c948f4d605d)
Start importing Assets/IsaacR/Models and Prefabs/Walls and Floors/Demo Scenes/Demo Dungeons/ReflectionProbe-0.exr using Guid(d5ff799490e5e4fec8911354f512225a) Importer(2089858483,b0f066a214c2f5e87bad3c948f4d605d) (ScriptedImporter) -> (artifact id: '3195b981ea24643b608bd4c2aa0eb628') in 0.0071277 seconds
Number of updated asset objects reloaded before import = 0Number of asset objects unloaded after import = 1

========================================================================
Received Import Request.
  Time since last request: 0.000011 seconds.
  path: Assets/Chris-Good/Models and Prefabs/Walls and Floors/Models/Wood/Wall-Wood-Model-11.fbx
  artifactKey: Guid(9f41233b32899f54ebbc0c4d326b031f) Importer(2089858483,b0f066a214c2f5e87bad3c948f4d605d)
Start importing Assets/Chris-Good/Models and Prefabs/Walls and Floors/Models/Wood/Wall-Wood-Model-11.fbx using Guid(9f41233b32899f54ebbc0c4d326b031f) Importer(2089858483,b0f066a214c2f5e87bad3c948f4d605d) (ScriptedImporter) -> (artifact id: 'e22a3ca235d6fef58b4f27cc3c23d7fd') in 0.0091951 seconds
Number of updated asset objects reloaded before import = 0Number of asset objects unloaded after import = 8

========================================================================
Received Import Request.
  Time since last request: 0.000015 seconds.
  path: Assets/IsaacR/Models and Prefabs/Walls and Floors/Models/Stone/Corner-Stone-Model-03.fbx
  artifactKey: Guid(c126dd07aaec6e3448020449966b42bc) Importer(2089858483,b0f066a214c2f5e87bad3c948f4d605d)
Start importing Assets/IsaacR/Models and Prefabs/Walls and Floors/Models/Stone/Corner-Stone-Model-03.fbx using Guid(c126dd07aaec6e3448020449966b42bc) Importer(2089858483,b0f066a214c2f5e87bad3c948f4d605d) (ScriptedImporter) -> (artifact id: 'ca41d3a47939b789f3f05cbb726ad32f') in 0.0096975 seconds
Number of updated asset objects reloaded before import = 0Number of asset objects unloaded after import = 8

========================================================================
Received Import Request.
  Time since last request: 0.000021 seconds.
  path: Assets/IsaacR/Models and Prefabs/Walls and Floors/Models/Stone/Corner-Stone-Model-01.fbx
  artifactKey: Guid(31bede671995e434cbef6a0465d27a4f) Importer(2089858483,b0f066a214c2f5e87bad3c948f4d605d)
Start importing Assets/IsaacR/Models and Prefabs/Walls and Floors/Models/Stone/Corner-Stone-Model-01.fbx using Guid(31bede671995e434cbef6a0465d27a4f) Importer(2089858483,b0f066a214c2f5e87bad3c948f4d605d) (ScriptedImporter) -> (artifact id: '9d810ed2c77db31d9f355ba97e0ed7cd') in 0.0090146 seconds
Number of updated asset objects reloaded before import = 0Number of asset objects unloaded after import = 8

========================================================================
Received Import Request.
  Time since last request: 0.000017 seconds.
  path: Assets/Chris-Good/Models and Prefabs/Walls and Floors/Models/Wood/Wall-Wood-Model-09.fbx
  artifactKey: Guid(3357e5dcdb9d41045ba6ecd40f5501f9) Importer(2089858483,b0f066a214c2f5e87bad3c948f4d605d)
Start importing Assets/Chris-Good/Models and Prefabs/Walls and Floors/Models/Wood/Wall-Wood-Model-09.fbx using Guid(3357e5dcdb9d41045ba6ecd40f5501f9) Importer(2089858483,b0f066a214c2f5e87bad3c948f4d605d) (ScriptedImporter) -> (artifact id: '47557ddc1e86d42084f996843c0150d5') in 0.0093545 seconds
Number of updated asset objects reloaded before import = 0Number of asset objects unloaded after import = 8

========================================================================
Received Import Request.
  Time since last request: 0.000012 seconds.
  path: Assets/Chris-Good/Models and Prefabs/Walls and Floors/Models/Stone/Wall-Stone-Model-12.fbx
  artifactKey: Guid(c5e52dc25f7b5bb45ba2db26a6150fba) Importer(2089858483,b0f066a214c2f5e87bad3c948f4d605d)
Start importing Assets/Chris-Good/Models and Prefabs/Walls and Floors/Models/Stone/Wall-Stone-Model-12.fbx using Guid(c5e52dc25f7b5bb45ba2db26a6150fba) Importer(2089858483,b0f066a214c2f5e87bad3c948f4d605d) (ScriptedImporter) -> (artifact id: 'a235eac176acf0b06e376c9c70a68943') in 0.009648 seconds
Number of updated asset objects reloaded before import = 0Number of asset objects unloaded after import = 8

========================================================================
Received Import Request.
  Time since last request: 0.000014 seconds.
  path: Assets/Chris-Good/Models and Prefabs/Walls and Floors/Models/Wood/Wall-Wood-Model-06.fbx
  artifactKey: Guid(e5301e5f5861725408504f507898c506) Importer(2089858483,b0f066a214c2f5e87bad3c948f4d605d)
Start importing Assets/Chris-Good/Models and Prefabs/Walls and Floors/Models/Wood/Wall-Wood-Model-06.fbx using Guid(e5301e5f5861725408504f507898c506) Importer(2089858483,b0f066a214c2f5e87bad3c948f4d605d) (ScriptedImporter) -> (artifact id: 'e9d3091a2ad0267757fe1a7535381b5f') in 0.0099105 seconds
Number of updated asset objects reloaded before import = 0Number of asset objects unloaded after import = 8

========================================================================
Received Import Request.
  Time since last request: 0.000016 seconds.
  path: Assets/Chris-Good/Models and Prefabs/Walls and Floors/Models/Wood/Wall-Wood-Model-04.fbx
  artifactKey: Guid(5a3ce070b6f90f048b7bac33ce23efd9) Importer(2089858483,b0f066a214c2f5e87bad3c948f4d605d)
Start importing Assets/Chris-Good/Models and Prefabs/Walls and Floors/Models/Wood/Wall-Wood-Model-04.fbx using Guid(5a3ce070b6f90f048b7bac33ce23efd9) Importer(2089858483,b0f066a214c2f5e87bad3c948f4d605d) (ScriptedImporter) -> (artifact id: 'e79d85d7db5988938376c7fd21d0f792') in 0.0097226 seconds
Number of updated asset objects reloaded before import = 0Number of asset objects unloaded after import = 8

========================================================================
Received Import Request.
  Time since last request: 0.000023 seconds.
  path: Assets/IsaacR/Models and Prefabs/Walls and Floors/Models/Stone/Corner-Stone-Model-04.fbx
  artifactKey: Guid(1290d22481562ea42bb341f09c5ea33f) Importer(2089858483,b0f066a214c2f5e87bad3c948f4d605d)
Start importing Assets/IsaacR/Models and Prefabs/Walls and Floors/Models/Stone/Corner-Stone-Model-04.fbx using Guid(1290d22481562ea42bb341f09c5ea33f) Importer(2089858483,b0f066a214c2f5e87bad3c948f4d605d) (ScriptedImporter) -> (artifact id: '9cc3e4af63f2e75fc03f921360fb04a5') in 0.0088728 seconds
Number of updated asset objects reloaded before import = 0Number of asset objects unloaded after import = 8

========================================================================
Received Import Request.
  Time since last request: 0.000014 seconds.
  path: Assets/Chris-Good/Models and Prefabs/Walls and Floors/Models/Wood/Wall-Wood-Model-02.fbx
  artifactKey: Guid(f5b99668932a8e1429864b077ebd4445) Importer(2089858483,b0f066a214c2f5e87bad3c948f4d605d)
Start importing Assets/Chris-Good/Models and Prefabs/Walls and Floors/Models/Wood/Wall-Wood-Model-02.fbx using Guid(f5b99668932a8e1429864b077ebd4445) Importer(2089858483,b0f066a214c2f5e87bad3c948f4d605d) (ScriptedImporter) -> (artifact id: 'aaa59a4d1e2f0c088c732b7972dc7cec') in 0.0098505 seconds
Number of updated asset objects reloaded before import = 0Number of asset objects unloaded after import = 8

========================================================================
Received Import Request.
  Time since last request: 0.000015 seconds.
  path: Assets/IsaacR/Models and Prefabs/Walls and Floors/Models/Wood/Corner-Wood-Model-01.fbx
  artifactKey: Guid(61d3ff347c7f6894195a260642017b7e) Importer(2089858483,b0f066a214c2f5e87bad3c948f4d605d)
Start importing Assets/IsaacR/Models and Prefabs/Walls and Floors/Models/Wood/Corner-Wood-Model-01.fbx using Guid(61d3ff347c7f6894195a260642017b7e) Importer(2089858483,b0f066a214c2f5e87bad3c948f4d605d) (ScriptedImporter) -> (artifact id: 'd33a98d6457921e11579296de10989de') in 0.0109511 seconds
Number of updated asset objects reloaded before import = 0Number of asset objects unloaded after import = 8

========================================================================
Received Import Request.
  Time since last request: 0.000013 seconds.
  path: Assets/IsaacR/Models and Prefabs/Walls and Floors/Models/Stone/Wall-Stone-Model-08.fbx
  artifactKey: Guid(2d55c195e3ba90d49a14af9c11515fcc) Importer(2089858483,b0f066a214c2f5e87bad3c948f4d605d)
Start importing Assets/IsaacR/Models and Prefabs/Walls and Floors/Models/Stone/Wall-Stone-Model-08.fbx using Guid(2d55c195e3ba90d49a14af9c11515fcc) Importer(2089858483,b0f066a214c2f5e87bad3c948f4d605d) (ScriptedImporter) -> (artifact id: '733f2599afaf8516a0f32190923b7e85') in 0.0082641 seconds
Number of updated asset objects reloaded before import = 0Number of asset objects unloaded after import = 8

========================================================================
Received Import Request.
  Time since last request: 0.000015 seconds.
  path: Assets/IsaacR/Models and Prefabs/Walls and Floors/Models/Wood/Door-Wood-Model-03.fbx
  artifactKey: Guid(4a62af2b63238fa469fd6cd5560f7e7d) Importer(2089858483,b0f066a214c2f5e87bad3c948f4d605d)
Start importing Assets/IsaacR/Models and Prefabs/Walls and Floors/Models/Wood/Door-Wood-Model-03.fbx using Guid(4a62af2b63238fa469fd6cd5560f7e7d) Importer(2089858483,b0f066a214c2f5e87bad3c948f4d605d) (ScriptedImporter) -> (artifact id: '306698e6b560b93f108e1cb542f1d405') in 0.0087035 seconds
Number of updated asset objects reloaded before import = 0Number of asset objects unloaded after import = 8

========================================================================
Received Import Request.
  Time since last request: 0.000021 seconds.
  path: Assets/IsaacR/Models and Prefabs/Walls and Floors/Models/Wood/Wall-Wood-Model-07.fbx
  artifactKey: Guid(258f07b404347d04ea103f6b350466d7) Importer(2089858483,b0f066a214c2f5e87bad3c948f4d605d)
Start importing Assets/IsaacR/Models and Prefabs/Walls and Floors/Models/Wood/Wall-Wood-Model-07.fbx using Guid(258f07b404347d04ea103f6b350466d7) Importer(2089858483,b0f066a214c2f5e87bad3c948f4d605d) (ScriptedImporter) -> (artifact id: '2bcaad26640e7d888803b1ad90090565') in 0.0089235 seconds
Number of updated asset objects reloaded before import = 0Number of asset objects unloaded after import = 8

========================================================================
Received Import Request.
  Time since last request: 0.000021 seconds.
  path: Assets/IsaacR/Models and Prefabs/Walls and Floors/Models/Wood/Wall-Wood-Model-04.fbx
  artifactKey: Guid(873c9db7883c58145a3b2ec07a7d770f) Importer(2089858483,b0f066a214c2f5e87bad3c948f4d605d)
Start importing Assets/IsaacR/Models and Prefabs/Walls and Floors/Models/Wood/Wall-Wood-Model-04.fbx using Guid(873c9db7883c58145a3b2ec07a7d770f) Importer(2089858483,b0f066a214c2f5e87bad3c948f4d605d) (ScriptedImporter) -> (artifact id: '8138342919b8ca2ad2b2bd07837ff8da') in 0.0098167 seconds
Number of updated asset objects reloaded before import = 0Number of asset objects unloaded after import = 8

========================================================================
Received Import Request.
  Time since last request: 0.000014 seconds.
  path: Assets/IsaacR/Models and Prefabs/Walls and Floors/Models/Wood/Wall-Wood-Model-06.fbx
  artifactKey: Guid(3ddea86d118cc754ebaf2ef9fca2b785) Importer(2089858483,b0f066a214c2f5e87bad3c948f4d605d)
Start importing Assets/IsaacR/Models and Prefabs/Walls and Floors/Models/Wood/Wall-Wood-Model-06.fbx using Guid(3ddea86d118cc754ebaf2ef9fca2b785) Importer(2089858483,b0f066a214c2f5e87bad3c948f4d605d) (ScriptedImporter) -> (artifact id: '5f0b2be7f64ebcfc9312269790e2f1f4') in 0.0087785 seconds
Number of updated asset objects reloaded before import = 0Number of asset objects unloaded after import = 8

========================================================================
Received Import Request.
  Time since last request: 0.000016 seconds.
  path: Assets/IsaacR/Models and Prefabs/Walls and Floors/Models/Stone/Wall-Stone-Model-12.fbx
  artifactKey: Guid(e28c0d2c7944d26418dce4b5fc76555e) Importer(2089858483,b0f066a214c2f5e87bad3c948f4d605d)
Start importing Assets/IsaacR/Models and Prefabs/Walls and Floors/Models/Stone/Wall-Stone-Model-12.fbx using Guid(e28c0d2c7944d26418dce4b5fc76555e) Importer(2089858483,b0f066a214c2f5e87bad3c948f4d605d) (ScriptedImporter) -> (artifact id: 'b825f6419cd8bee77367e6f848bf4541') in 0.0095588 seconds
Number of updated asset objects reloaded before import = 0Number of asset objects unloaded after import = 8

========================================================================
Received Import Request.
  Time since last request: 0.000018 seconds.
  path: Assets/IsaacR/Models and Prefabs/Walls and Floors/Models/Wood/Door-Wood-Model-02.fbx
  artifactKey: Guid(0a5310446e5f8d84c82ab438ad3c3f14) Importer(2089858483,b0f066a214c2f5e87bad3c948f4d605d)
Start importing Assets/IsaacR/Models and Prefabs/Walls and Floors/Models/Wood/Door-Wood-Model-02.fbx using Guid(0a5310446e5f8d84c82ab438ad3c3f14) Importer(2089858483,b0f066a214c2f5e87bad3c948f4d605d) (ScriptedImporter) -> (artifact id: '7e68712f4a77d6128648ff9459ffc217') in 0.0110926 seconds
Number of updated asset objects reloaded before import = 0Number of asset objects unloaded after import = 8

========================================================================
Received Import Request.
  Time since last request: 0.000026 seconds.
  path: Assets/IsaacR/Models and Prefabs/Walls and Floors/Models/Wood/Wall-Wood-Model-05.fbx
  artifactKey: Guid(744365323b01faf4fa4df6a457381c72) Importer(2089858483,b0f066a214c2f5e87bad3c948f4d605d)
Start importing Assets/IsaacR/Models and Prefabs/Walls and Floors/Models/Wood/Wall-Wood-Model-05.fbx using Guid(744365323b01faf4fa4df6a457381c72) Importer(2089858483,b0f066a214c2f5e87bad3c948f4d605d) (ScriptedImporter) -> (artifact id: '872d5c1b5128570ea0ee416f89225c33') in 0.0134401 seconds
Number of updated asset objects reloaded before import = 0Number of asset objects unloaded after import = 8

========================================================================
Received Import Request.
  Time since last request: 0.000016 seconds.
  path: Assets/IsaacR/Polyeler/Simple Train Pack/Materials/Textures/Color.png
  artifactKey: Guid(3b04c323acc4cd44db408e1b8f2805c4) Importer(2089858483,b0f066a214c2f5e87bad3c948f4d605d)
Start importing Assets/IsaacR/Polyeler/Simple Train Pack/Materials/Textures/Color.png using Guid(3b04c323acc4cd44db408e1b8f2805c4) Importer(2089858483,b0f066a214c2f5e87bad3c948f4d605d) (ScriptedImporter) -> (artifact id: '25d6c685f13472ba8544cd0262c638fc') in 0.0102038 seconds
Number of updated asset objects reloaded before import = 0Number of asset objects unloaded after import = 1

========================================================================
Received Import Request.
  Time since last request: 0.000014 seconds.
  path: Assets/IsaacR/Polyeler/Simple Train Pack/Materials/Textures/Light.png
  artifactKey: Guid(290dba2d21018bc468e0e8f422703843) Importer(2089858483,b0f066a214c2f5e87bad3c948f4d605d)
Start importing Assets/IsaacR/Polyeler/Simple Train Pack/Materials/Textures/Light.png using Guid(290dba2d21018bc468e0e8f422703843) Importer(2089858483,b0f066a214c2f5e87bad3c948f4d605d) (ScriptedImporter) -> (artifact id: '9966e4274ce0c15e50370e43906cd21a') in 0.0077717 seconds
Number of updated asset objects reloaded before import = 0Number of asset objects unloaded after import = 1

========================================================================
Received Import Request.
  Time since last request: 0.000014 seconds.
  path: Assets/IsaacR/Models and Prefabs/Walls and Floors/Models/Wood/Wall-Wood-Model-08.fbx
  artifactKey: Guid(2e7d18b4aa6667644ad97a9f70c6f519) Importer(2089858483,b0f066a214c2f5e87bad3c948f4d605d)
Start importing Assets/IsaacR/Models and Prefabs/Walls and Floors/Models/Wood/Wall-Wood-Model-08.fbx using Guid(2e7d18b4aa6667644ad97a9f70c6f519) Importer(2089858483,b0f066a214c2f5e87bad3c948f4d605d) (ScriptedImporter) -> (artifact id: 'c5a86527fc5b3edfa5e511971fcce958') in 0.0087986 seconds
Number of updated asset objects reloaded before import = 0Number of asset objects unloaded after import = 8

========================================================================
Received Import Request.
  Time since last request: 0.000019 seconds.
  path: Assets/IsaacR/Polyeler/Simple Train Pack/Materials/Textures/wire.png
  artifactKey: Guid(f2ebeb918fd87494abe6b520c54e7fcd) Importer(2089858483,b0f066a214c2f5e87bad3c948f4d605d)
Start importing Assets/IsaacR/Polyeler/Simple Train Pack/Materials/Textures/wire.png using Guid(f2ebeb918fd87494abe6b520c54e7fcd) Importer(2089858483,b0f066a214c2f5e87bad3c948f4d605d) (ScriptedImporter) -> (artifact id: '84be463fdcdabc1421f49774f07b1b3c') in 0.0093059 seconds
Number of updated asset objects reloaded before import = 0Number of asset objects unloaded after import = 1

========================================================================
Received Import Request.
  Time since last request: 0.000031 seconds.
  path: Assets/IsaacR/Models and Prefabs/Walls and Floors/Models/Wood/Wall-Wood-Model-12.fbx
  artifactKey: Guid(e6aa5fb39eb90fb43ad7ef360dd28446) Importer(2089858483,b0f066a214c2f5e87bad3c948f4d605d)
Start importing Assets/IsaacR/Models and Prefabs/Walls and Floors/Models/Wood/Wall-Wood-Model-12.fbx using Guid(e6aa5fb39eb90fb43ad7ef360dd28446) Importer(2089858483,b0f066a214c2f5e87bad3c948f4d605d) (ScriptedImporter) -> (artifact id: '0abcd8c959fa7610f136f43e7576a541') in 0.012121 seconds
Number of updated asset objects reloaded before import = 0Number of asset objects unloaded after import = 8

========================================================================
Received Import Request.
  Time since last request: 0.000017 seconds.
  path: Assets/IsaacR/Models and Prefabs/Walls and Floors/Models/Wood/Wall-Wood-Model-09.fbx
  artifactKey: Guid(424d011f9fd49f740838e968340f3ccd) Importer(2089858483,b0f066a214c2f5e87bad3c948f4d605d)
Start importing Assets/IsaacR/Models and Prefabs/Walls and Floors/Models/Wood/Wall-Wood-Model-09.fbx using Guid(424d011f9fd49f740838e968340f3ccd) Importer(2089858483,b0f066a214c2f5e87bad3c948f4d605d) (ScriptedImporter) -> (artifact id: '81f942ae1dae1cd1cecce371014a4043') in 0.0093623 seconds
Number of updated asset objects reloaded before import = 0Number of asset objects unloaded after import = 8

========================================================================
Received Import Request.
  Time since last request: 0.000015 seconds.
  path: Assets/IsaacR/Polyeler/Simple Train Pack/Materials/Textures/Color3.png
  artifactKey: Guid(171551d05d565db448536035e19749f8) Importer(2089858483,b0f066a214c2f5e87bad3c948f4d605d)
Start importing Assets/IsaacR/Polyeler/Simple Train Pack/Materials/Textures/Color3.png using Guid(171551d05d565db448536035e19749f8) Importer(2089858483,b0f066a214c2f5e87bad3c948f4d605d) (ScriptedImporter) -> (artifact id: 'fb999c5efc6abbcc6c0076b59bde1af1') in 0.0082429 seconds
Number of updated asset objects reloaded before import = 0Number of asset objects unloaded after import = 1

========================================================================
Received Import Request.
  Time since last request: 0.000015 seconds.
  path: Assets/IsaacR/Models and Prefabs/Walls and Floors/Models/Wood/Wall-Wood-Model-11.fbx
  artifactKey: Guid(b21633d033bc8424385d579dcb01e415) Importer(2089858483,b0f066a214c2f5e87bad3c948f4d605d)
Start importing Assets/IsaacR/Models and Prefabs/Walls and Floors/Models/Wood/Wall-Wood-Model-11.fbx using Guid(b21633d033bc8424385d579dcb01e415) Importer(2089858483,b0f066a214c2f5e87bad3c948f4d605d) (ScriptedImporter) -> (artifact id: 'a51d805e502a10d522281579da51f383') in 0.0125113 seconds
Number of updated asset objects reloaded before import = 0Number of asset objects unloaded after import = 8

========================================================================
Received Import Request.
  Time since last request: 0.000017 seconds.
  path: Assets/Blake/Custom Lighting/Colorised Lighting Red.mat
  artifactKey: Guid(4ca18cbd7c5bbcc458f68fc87c61bf80) Importer(2089858483,b0f066a214c2f5e87bad3c948f4d605d)
Start importing Assets/Blake/Custom Lighting/Colorised Lighting Red.mat using Guid(4ca18cbd7c5bbcc458f68fc87c61bf80) Importer(2089858483,b0f066a214c2f5e87bad3c948f4d605d) (ScriptedImporter) -> (artifact id: 'b718bf71edf0def01f71c38aa88d4fc4') in 0.0122189 seconds
Number of updated asset objects reloaded before import = 0Number of asset objects unloaded after import = 10

========================================================================
Received Import Request.
  Time since last request: 0.000023 seconds.
  path: Assets/Chris-Good/Settings/PC_Renderer.asset
  artifactKey: Guid(d07f952d5d472474699de858295f64bb) Importer(2089858483,b0f066a214c2f5e87bad3c948f4d605d)
Start importing Assets/Chris-Good/Settings/PC_Renderer.asset using Guid(d07f952d5d472474699de858295f64bb) Importer(2089858483,b0f066a214c2f5e87bad3c948f4d605d) (ScriptedImporter) -> (artifact id: '32cad8f3518ca0a6e23f492e4f41edb9') in 0.0231966 seconds
Number of updated asset objects reloaded before import = 0Number of asset objects unloaded after import = 2

========================================================================
Received Import Request.
  Time since last request: 0.000013 seconds.
  path: Assets/Blake/Imported Assets/Models/Player/Robot Kyle/Model/Robot Kyle.fbx
  artifactKey: Guid(320b1c2af77554f99a1658df4a6d3d5c) Importer(2089858483,b0f066a214c2f5e87bad3c948f4d605d)
Start importing Assets/Blake/Imported Assets/Models/Player/Robot Kyle/Model/Robot Kyle.fbx using Guid(320b1c2af77554f99a1658df4a6d3d5c) Importer(2089858483,b0f066a214c2f5e87bad3c948f4d605d) (ScriptedImporter) -> (artifact id: '03681f622d4cdecc46ef1c43e88f9e70') in 0.0118309 seconds
Number of updated asset objects reloaded before import = 0Number of asset objects unloaded after import = 108

========================================================================
Received Import Request.
  Time since last request: 0.000017 seconds.
  path: Assets/Chris-Good/Models and Prefabs/Walls and Floors/Models/Stone/materials/Corner-Stone-Model-02.mat
  artifactKey: Guid(cda25c90917254646a575bd4e49b8d29) Importer(2089858483,b0f066a214c2f5e87bad3c948f4d605d)
Start importing Assets/Chris-Good/Models and Prefabs/Walls and Floors/Models/Stone/materials/Corner-Stone-Model-02.mat using Guid(cda25c90917254646a575bd4e49b8d29) Importer(2089858483,b0f066a214c2f5e87bad3c948f4d605d) (ScriptedImporter) -> (artifact id: '172d1615525fb3465ece9dce450f16f8') in 0.00624 seconds
Number of updated asset objects reloaded before import = 0Number of asset objects unloaded after import = 2

========================================================================
Received Import Request.
  Time since last request: 0.000015 seconds.
  path: Assets/Chris-Good/Models and Prefabs/Walls and Floors/Models/Stone/materials/Door-Stone-Model-03.png
  artifactKey: Guid(c858d6a56bc0ae54f80d241791e03b80) Importer(2089858483,b0f066a214c2f5e87bad3c948f4d605d)
Start importing Assets/Chris-Good/Models and Prefabs/Walls and Floors/Models/Stone/materials/Door-Stone-Model-03.png using Guid(c858d6a56bc0ae54f80d241791e03b80) Importer(2089858483,b0f066a214c2f5e87bad3c948f4d605d) (ScriptedImporter) -> (artifact id: '2a77a2ddaff7042b992fa9d48667987a') in 0.0082423 seconds
Number of updated asset objects reloaded before import = 0Number of asset objects unloaded after import = 1

========================================================================
Received Import Request.
  Time since last request: 0.000017 seconds.
  path: Assets/Chris-Good/Models and Prefabs/Walls and Floors/Models/Stone/materials/Floor-Stone-Model-02.png
  artifactKey: Guid(596e0fba1ccaf1c4a807e422e7221246) Importer(2089858483,b0f066a214c2f5e87bad3c948f4d605d)
Start importing Assets/Chris-Good/Models and Prefabs/Walls and Floors/Models/Stone/materials/Floor-Stone-Model-02.png using Guid(596e0fba1ccaf1c4a807e422e7221246) Importer(2089858483,b0f066a214c2f5e87bad3c948f4d605d) (ScriptedImporter) -> (artifact id: 'a767e3685d07787e5697926ebf9e29c1') in 0.0098996 seconds
Number of updated asset objects reloaded before import = 0Number of asset objects unloaded after import = 1

========================================================================
Received Import Request.
  Time since last request: 0.000027 seconds.
  path: Assets/Chris-Good/Models and Prefabs/Walls and Floors/Models/Stone/materials/Corner-Stone-Model-01.mat
  artifactKey: Guid(4286566b5cb50b143b2f26ecc5dd332c) Importer(2089858483,b0f066a214c2f5e87bad3c948f4d605d)
Start importing Assets/Chris-Good/Models and Prefabs/Walls and Floors/Models/Stone/materials/Corner-Stone-Model-01.mat using Guid(4286566b5cb50b143b2f26ecc5dd332c) Importer(2089858483,b0f066a214c2f5e87bad3c948f4d605d) (ScriptedImporter) -> (artifact id: '33aca68d1c053246e2989420a01eaaf7') in 0.0058681 seconds
Number of updated asset objects reloaded before import = 0Number of asset objects unloaded after import = 2

========================================================================
Received Import Request.
  Time since last request: 0.000016 seconds.
  path: Assets/Chris-Good/Models and Prefabs/Walls and Floors/Models/Stone/materials/Wall-Stone-Model-01.mat
  artifactKey: Guid(3c49c03d1a92a134c8240857f4b83869) Importer(2089858483,b0f066a214c2f5e87bad3c948f4d605d)
Start importing Assets/Chris-Good/Models and Prefabs/Walls and Floors/Models/Stone/materials/Wall-Stone-Model-01.mat using Guid(3c49c03d1a92a134c8240857f4b83869) Importer(2089858483,b0f066a214c2f5e87bad3c948f4d605d) (ScriptedImporter) -> (artifact id: '41771ef59393d5f2b91a01bb97056cf2') in 0.0059037 seconds
Number of updated asset objects reloaded before import = 0Number of asset objects unloaded after import = 2

========================================================================
Received Import Request.
  Time since last request: 0.000018 seconds.
  path: Assets/Chris-Good/Models and Prefabs/Walls and Floors/Models/Stone/materials/Floor-Stone-Model-03.png
  artifactKey: Guid(d323334ed5bb70a4389dfa2eb792e07e) Importer(2089858483,b0f066a214c2f5e87bad3c948f4d605d)
Start importing Assets/Chris-Good/Models and Prefabs/Walls and Floors/Models/Stone/materials/Floor-Stone-Model-03.png using Guid(d323334ed5bb70a4389dfa2eb792e07e) Importer(2089858483,b0f066a214c2f5e87bad3c948f4d605d) (ScriptedImporter) -> (artifact id: '823aab6fdd1ff5236ecdac86bca55996') in 0.0077189 seconds
Number of updated asset objects reloaded before import = 0Number of asset objects unloaded after import = 1

========================================================================
Received Import Request.
  Time since last request: 0.000016 seconds.
  path: Assets/Chris-Good/Models and Prefabs/Walls and Floors/Models/Stone/materials/Floor-Stone-Model-03.mat
  artifactKey: Guid(f8d32d29bcc6ee149a21ec839b609849) Importer(2089858483,b0f066a214c2f5e87bad3c948f4d605d)
Start importing Assets/Chris-Good/Models and Prefabs/Walls and Floors/Models/Stone/materials/Floor-Stone-Model-03.mat using Guid(f8d32d29bcc6ee149a21ec839b609849) Importer(2089858483,b0f066a214c2f5e87bad3c948f4d605d) (ScriptedImporter) -> (artifact id: '67220640849c025feb1cea546cba49b6') in 0.0058141 seconds
Number of updated asset objects reloaded before import = 0Number of asset objects unloaded after import = 2

========================================================================
Received Import Request.
  Time since last request: 0.000025 seconds.
  path: Assets/Chris-Good/Models and Prefabs/Walls and Floors/Models/Stone/materials/Wall-Stone-Model-09.png
  artifactKey: Guid(d6f2148893a8d7b4bbc7b93bbe10054b) Importer(2089858483,b0f066a214c2f5e87bad3c948f4d605d)
Start importing Assets/Chris-Good/Models and Prefabs/Walls and Floors/Models/Stone/materials/Wall-Stone-Model-09.png using Guid(d6f2148893a8d7b4bbc7b93bbe10054b) Importer(2089858483,b0f066a214c2f5e87bad3c948f4d605d) (ScriptedImporter) -> (artifact id: '07c8e355bde3fde70098dd89d61165b1') in 0.0078714 seconds
Number of updated asset objects reloaded before import = 0Number of asset objects unloaded after import = 1

========================================================================
Received Import Request.
  Time since last request: 0.000034 seconds.
  path: Assets/Chris-Good/Models and Prefabs/Walls and Floors/Models/Stone/materials/Wall-Stone-Model-04.png
  artifactKey: Guid(f4c7922a7b9599442a2f6f5bba2a4ef5) Importer(2089858483,b0f066a214c2f5e87bad3c948f4d605d)
Start importing Assets/Chris-Good/Models and Prefabs/Walls and Floors/Models/Stone/materials/Wall-Stone-Model-04.png using Guid(f4c7922a7b9599442a2f6f5bba2a4ef5) Importer(2089858483,b0f066a214c2f5e87bad3c948f4d605d) (ScriptedImporter) -> (artifact id: 'bc3aa342b1ab529b3c59fc5229976ace') in 0.0089148 seconds
Number of updated asset objects reloaded before import = 0Number of asset objects unloaded after import = 1

========================================================================
Received Import Request.
  Time since last request: 0.000014 seconds.
  path: Assets/Chris-Good/Models and Prefabs/Walls and Floors/Models/Stone/materials/Wall-Stone-Model-05.png
  artifactKey: Guid(3c95ace1a1a45a74caed37b275961e2e) Importer(2089858483,b0f066a214c2f5e87bad3c948f4d605d)
Start importing Assets/Chris-Good/Models and Prefabs/Walls and Floors/Models/Stone/materials/Wall-Stone-Model-05.png using Guid(3c95ace1a1a45a74caed37b275961e2e) Importer(2089858483,b0f066a214c2f5e87bad3c948f4d605d) (ScriptedImporter) -> (artifact id: '156985034c3bf352e2d77a40fa3acf2c') in 0.0073675 seconds
Number of updated asset objects reloaded before import = 0Number of asset objects unloaded after import = 1

========================================================================
Received Import Request.
  Time since last request: 0.000013 seconds.
  path: Assets/Chris-Good/Models and Prefabs/Walls and Floors/Models/Stone/materials/Wall-Stone-Model-08.png
  artifactKey: Guid(308a96a4f2cbb644b8e0bef3c4403e04) Importer(2089858483,b0f066a214c2f5e87bad3c948f4d605d)
Start importing Assets/Chris-Good/Models and Prefabs/Walls and Floors/Models/Stone/materials/Wall-Stone-Model-08.png using Guid(308a96a4f2cbb644b8e0bef3c4403e04) Importer(2089858483,b0f066a214c2f5e87bad3c948f4d605d) (ScriptedImporter) -> (artifact id: '4f9a71c8613ffb68176cdcb0d7379c40') in 0.0075845 seconds
Number of updated asset objects reloaded before import = 0Number of asset objects unloaded after import = 1

========================================================================
Received Import Request.
  Time since last request: 0.000014 seconds.
  path: Assets/Chris-Good/Models and Prefabs/Walls and Floors/Models/Stone/materials/Wall-Stone-Model-03.mat
  artifactKey: Guid(33177866a764d78468665b9c1e6a0dfd) Importer(2089858483,b0f066a214c2f5e87bad3c948f4d605d)
Start importing Assets/Chris-Good/Models and Prefabs/Walls and Floors/Models/Stone/materials/Wall-Stone-Model-03.mat using Guid(33177866a764d78468665b9c1e6a0dfd) Importer(2089858483,b0f066a214c2f5e87bad3c948f4d605d) (ScriptedImporter) -> (artifact id: 'bbb6f3d39a49168373cd6f71b84e271c') in 0.0055818 seconds
Number of updated asset objects reloaded before import = 0Number of asset objects unloaded after import = 2

========================================================================
Received Import Request.
  Time since last request: 0.000017 seconds.
  path: Assets/Chris-Good/Models and Prefabs/Walls and Floors/Models/Wood/materials/Corner-Wood-Model-01.mat
  artifactKey: Guid(6ed0349d282386a41a70430a577d2644) Importer(2089858483,b0f066a214c2f5e87bad3c948f4d605d)
Start importing Assets/Chris-Good/Models and Prefabs/Walls and Floors/Models/Wood/materials/Corner-Wood-Model-01.mat using Guid(6ed0349d282386a41a70430a577d2644) Importer(2089858483,b0f066a214c2f5e87bad3c948f4d605d) (ScriptedImporter) -> (artifact id: '37ddefdc9c173b01e5402db1fe95293e') in 0.0057134 seconds
Number of updated asset objects reloaded before import = 0Number of asset objects unloaded after import = 2

========================================================================
Received Import Request.
  Time since last request: 0.000025 seconds.
  path: Assets/Chris-Good/Models and Prefabs/Walls and Floors/Models/Stone/materials/Wall-Stone-Model-02.png
  artifactKey: Guid(70982fee49b4d4944b7b76f188cb81ab) Importer(2089858483,b0f066a214c2f5e87bad3c948f4d605d)
Start importing Assets/Chris-Good/Models and Prefabs/Walls and Floors/Models/Stone/materials/Wall-Stone-Model-02.png using Guid(70982fee49b4d4944b7b76f188cb81ab) Importer(2089858483,b0f066a214c2f5e87bad3c948f4d605d) (ScriptedImporter) -> (artifact id: '576a292f93c3b804dc2f0f41481475e0') in 0.0074369 seconds
Number of updated asset objects reloaded before import = 0Number of asset objects unloaded after import = 1

========================================================================
Received Import Request.
  Time since last request: 0.000014 seconds.
  path: Assets/Chris-Good/Models and Prefabs/Walls and Floors/Models/Stone/materials/Wall-Stone-Model-08.mat
  artifactKey: Guid(430d0a20746ac3e48ba4777a5e9dd9aa) Importer(2089858483,b0f066a214c2f5e87bad3c948f4d605d)
Start importing Assets/Chris-Good/Models and Prefabs/Walls and Floors/Models/Stone/materials/Wall-Stone-Model-08.mat using Guid(430d0a20746ac3e48ba4777a5e9dd9aa) Importer(2089858483,b0f066a214c2f5e87bad3c948f4d605d) (ScriptedImporter) -> (artifact id: '33698f6783a28cea4735c88a22a822f5') in 0.0070824 seconds
Number of updated asset objects reloaded before import = 0Number of asset objects unloaded after import = 2

========================================================================
Received Import Request.
  Time since last request: 0.000015 seconds.
  path: Assets/Chris-Good/Models and Prefabs/Walls and Floors/Models/Stone/materials/Floor-Stone-Model-01.png
  artifactKey: Guid(8d0adb6e30061d84a8686dbd16efa03c) Importer(2089858483,b0f066a214c2f5e87bad3c948f4d605d)
Start importing Assets/Chris-Good/Models and Prefabs/Walls and Floors/Models/Stone/materials/Floor-Stone-Model-01.png using Guid(8d0adb6e30061d84a8686dbd16efa03c) Importer(2089858483,b0f066a214c2f5e87bad3c948f4d605d) (ScriptedImporter) -> (artifact id: '2add88667dcfd40ee67dd7ce3db6110f') in 0.0077209 seconds
Number of updated asset objects reloaded before import = 0Number of asset objects unloaded after import = 1

========================================================================
Received Import Request.
  Time since last request: 0.000013 seconds.
  path: Assets/Chris-Good/Models and Prefabs/Walls and Floors/Models/Wood/materials/Wall-Wood-Model-01.png
  artifactKey: Guid(2d0e26ac0d11920409931c0f181152de) Importer(2089858483,b0f066a214c2f5e87bad3c948f4d605d)
Start importing Assets/Chris-Good/Models and Prefabs/Walls and Floors/Models/Wood/materials/Wall-Wood-Model-01.png using Guid(2d0e26ac0d11920409931c0f181152de) Importer(2089858483,b0f066a214c2f5e87bad3c948f4d605d) (ScriptedImporter) -> (artifact id: 'e9f25204372f5a28cc624f5c391b0a82') in 0.0089145 seconds
Number of updated asset objects reloaded before import = 0Number of asset objects unloaded after import = 1

========================================================================
Received Import Request.
  Time since last request: 0.000014 seconds.
  path: Assets/Chris-Good/Models and Prefabs/Walls and Floors/Models/Wood/materials/Wall-Wood-Model-06.png
  artifactKey: Guid(a63dbf4d709b4e3408975ad960fa6e28) Importer(2089858483,b0f066a214c2f5e87bad3c948f4d605d)
Start importing Assets/Chris-Good/Models and Prefabs/Walls and Floors/Models/Wood/materials/Wall-Wood-Model-06.png using Guid(a63dbf4d709b4e3408975ad960fa6e28) Importer(2089858483,b0f066a214c2f5e87bad3c948f4d605d) (ScriptedImporter) -> (artifact id: '52cc5852260eb1a3217751124217b19d') in 0.0072154 seconds
Number of updated asset objects reloaded before import = 0Number of asset objects unloaded after import = 1

========================================================================
Received Import Request.
  Time since last request: 0.000018 seconds.
  path: Assets/Chris-Good/Models and Prefabs/Walls and Floors/Models/Wood/materials/Wall-Wood-Model-07.mat
  artifactKey: Guid(91fb108586d81c44b9cea05e4214f0eb) Importer(2089858483,b0f066a214c2f5e87bad3c948f4d605d)
Start importing Assets/Chris-Good/Models and Prefabs/Walls and Floors/Models/Wood/materials/Wall-Wood-Model-07.mat using Guid(91fb108586d81c44b9cea05e4214f0eb) Importer(2089858483,b0f066a214c2f5e87bad3c948f4d605d) (ScriptedImporter) -> (artifact id: 'cbb537c4d0d2ed90b4ead96547f101dc') in 0.005625 seconds
Number of updated asset objects reloaded before import = 0Number of asset objects unloaded after import = 2

========================================================================
Received Import Request.
  Time since last request: 0.000013 seconds.
  path: Assets/Chris-Good/Models and Prefabs/Walls and Floors/Models/Wood/materials/Wall-Wood-Model-03.png
  artifactKey: Guid(be6967e79ec6c0d4bb68adc22ed86760) Importer(2089858483,b0f066a214c2f5e87bad3c948f4d605d)
Start importing Assets/Chris-Good/Models and Prefabs/Walls and Floors/Models/Wood/materials/Wall-Wood-Model-03.png using Guid(be6967e79ec6c0d4bb68adc22ed86760) Importer(2089858483,b0f066a214c2f5e87bad3c948f4d605d) (ScriptedImporter) -> (artifact id: 'ecb01d18c2566c793a10b5995c9d5aab') in 0.0076061 seconds
Number of updated asset objects reloaded before import = 0Number of asset objects unloaded after import = 1

========================================================================
Received Import Request.
  Time since last request: 0.000013 seconds.
  path: Assets/Chris-Good/Models and Prefabs/Walls and Floors/Models/Wood/materials/Wall-Wood-Model-04.mat
  artifactKey: Guid(d613395f4914d81419a001fa4c4f045d) Importer(2089858483,b0f066a214c2f5e87bad3c948f4d605d)
Start importing Assets/Chris-Good/Models and Prefabs/Walls and Floors/Models/Wood/materials/Wall-Wood-Model-04.mat using Guid(d613395f4914d81419a001fa4c4f045d) Importer(2089858483,b0f066a214c2f5e87bad3c948f4d605d) (ScriptedImporter) -> (artifact id: '8eaaa9e96cfb1ebea07fbf9fcd9a8fb0') in 0.0060243 seconds
Number of updated asset objects reloaded before import = 0Number of asset objects unloaded after import = 2

========================================================================
Received Import Request.
  Time since last request: 0.000016 seconds.
  path: Assets/Chris-Good/Models and Prefabs/Walls and Floors/Models/Wood/materials/Wall-Wood-Model-03.mat
  artifactKey: Guid(7339053976394164d93d57ed255075f9) Importer(2089858483,b0f066a214c2f5e87bad3c948f4d605d)
Start importing Assets/Chris-Good/Models and Prefabs/Walls and Floors/Models/Wood/materials/Wall-Wood-Model-03.mat using Guid(7339053976394164d93d57ed255075f9) Importer(2089858483,b0f066a214c2f5e87bad3c948f4d605d) (ScriptedImporter) -> (artifact id: 'd91579a96bd1eca6e3eb09640a433a11') in 0.0063115 seconds
Number of updated asset objects reloaded before import = 0Number of asset objects unloaded after import = 2

========================================================================
Received Import Request.
  Time since last request: 0.000021 seconds.
  path: Assets/Chris-Good/Models and Prefabs/Walls and Floors/Models/Wood/materials/Wall-Wood-Model-05.mat
  artifactKey: Guid(991f7fafaf7db4945b1b3a84b2bff289) Importer(2089858483,b0f066a214c2f5e87bad3c948f4d605d)
Start importing Assets/Chris-Good/Models and Prefabs/Walls and Floors/Models/Wood/materials/Wall-Wood-Model-05.mat using Guid(991f7fafaf7db4945b1b3a84b2bff289) Importer(2089858483,b0f066a214c2f5e87bad3c948f4d605d) (ScriptedImporter) -> (artifact id: '992ba1b76731fe13336c4b0d22f2cb64') in 0.0057794 seconds
Number of updated asset objects reloaded before import = 0Number of asset objects unloaded after import = 2

========================================================================
Received Import Request.
  Time since last request: 0.000028 seconds.
  path: Assets/Chris-Good/Models and Prefabs/Walls and Floors/Models/Wood/materials/Floor-Wood-Model-02.mat
  artifactKey: Guid(fcb9cc12f89fbf14287d698d809bbc4b) Importer(2089858483,b0f066a214c2f5e87bad3c948f4d605d)
Start importing Assets/Chris-Good/Models and Prefabs/Walls and Floors/Models/Wood/materials/Floor-Wood-Model-02.mat using Guid(fcb9cc12f89fbf14287d698d809bbc4b) Importer(2089858483,b0f066a214c2f5e87bad3c948f4d605d) (ScriptedImporter) -> (artifact id: 'd3a977043ea22898b6c5ecbe9e3ff992') in 0.0077598 seconds
Number of updated asset objects reloaded before import = 0Number of asset objects unloaded after import = 2

========================================================================
Received Import Request.
  Time since last request: 0.000013 seconds.
  path: Assets/IsaacR/Fantasy Skybox FREE/Scenes/Textures (Terrain)/Texture_Dirt_Normal.png
  artifactKey: Guid(6372a4abc4700ef4aad94d04602e89bf) Importer(2089858483,b0f066a214c2f5e87bad3c948f4d605d)
Start importing Assets/IsaacR/Fantasy Skybox FREE/Scenes/Textures (Terrain)/Texture_Dirt_Normal.png using Guid(6372a4abc4700ef4aad94d04602e89bf) Importer(2089858483,b0f066a214c2f5e87bad3c948f4d605d) (ScriptedImporter) -> (artifact id: 'bb9f316a601f32e15e6a3945ecb57178') in 0.0089985 seconds
Number of updated asset objects reloaded before import = 0Number of asset objects unloaded after import = 1

========================================================================
Received Import Request.
  Time since last request: 0.000016 seconds.
  path: Assets/Chris-Good/Models and Prefabs/Walls and Floors/Models/Wood/materials/Wall-Wood-Model-10.mat
  artifactKey: Guid(16b75e8400386b647b7b120974a88fcd) Importer(2089858483,b0f066a214c2f5e87bad3c948f4d605d)
Start importing Assets/Chris-Good/Models and Prefabs/Walls and Floors/Models/Wood/materials/Wall-Wood-Model-10.mat using Guid(16b75e8400386b647b7b120974a88fcd) Importer(2089858483,b0f066a214c2f5e87bad3c948f4d605d) (ScriptedImporter) -> (artifact id: '9c5a1c3d2be28692922ec8c18517b298') in 0.0067722 seconds
Number of updated asset objects reloaded before import = 0Number of asset objects unloaded after import = 2

========================================================================
Received Import Request.
  Time since last request: 0.000018 seconds.
  path: Assets/Chris-Good/Models and Prefabs/Walls and Floors/Models/Wood/materials/Wall-Wood-Model-10.png
  artifactKey: Guid(db1559cb8133a8344a453bad724ba93c) Importer(2089858483,b0f066a214c2f5e87bad3c948f4d605d)
Start importing Assets/Chris-Good/Models and Prefabs/Walls and Floors/Models/Wood/materials/Wall-Wood-Model-10.png using Guid(db1559cb8133a8344a453bad724ba93c) Importer(2089858483,b0f066a214c2f5e87bad3c948f4d605d) (ScriptedImporter) -> (artifact id: 'dfee02121257284c35ec32e01794fcdd') in 0.0076319 seconds
Number of updated asset objects reloaded before import = 0Number of asset objects unloaded after import = 1

========================================================================
Received Import Request.
  Time since last request: 0.000021 seconds.
  path: Assets/Chris-Good/Models and Prefabs/Walls and Floors/Prefabs/Stone/Corners/Corner-Stone (3).prefab
  artifactKey: Guid(50a7a26ceea6aae48bed3ae7f8d0a328) Importer(2089858483,b0f066a214c2f5e87bad3c948f4d605d)
Start importing Assets/Chris-Good/Models and Prefabs/Walls and Floors/Prefabs/Stone/Corners/Corner-Stone (3).prefab using Guid(50a7a26ceea6aae48bed3ae7f8d0a328) Importer(2089858483,b0f066a214c2f5e87bad3c948f4d605d) (ScriptedImporter) -> (artifact id: 'f2e546e745737410e11aab9cd288eacb') in 0.0075759 seconds
Number of updated asset objects reloaded before import = 0Number of asset objects unloaded after import = 9

========================================================================
Received Import Request.
  Time since last request: 0.000026 seconds.
  path: Assets/Chris-Good/Models and Prefabs/Walls and Floors/Models/Wood/materials/Wall-Wood-Model-08.png
  artifactKey: Guid(03f212226cafcf7468a5cf3941e42590) Importer(2089858483,b0f066a214c2f5e87bad3c948f4d605d)
Start importing Assets/Chris-Good/Models and Prefabs/Walls and Floors/Models/Wood/materials/Wall-Wood-Model-08.png using Guid(03f212226cafcf7468a5cf3941e42590) Importer(2089858483,b0f066a214c2f5e87bad3c948f4d605d) (ScriptedImporter) -> (artifact id: 'ca4429421588122470cdbedcb61a8cd6') in 0.0073565 seconds
Number of updated asset objects reloaded before import = 0Number of asset objects unloaded after import = 1

========================================================================
Received Import Request.
  Time since last request: 0.000015 seconds.
  path: Assets/Chris-Good/Models and Prefabs/Walls and Floors/Prefabs/Stone/Walls/Wall-Stone (10).prefab
  artifactKey: Guid(a1a6f79947908614e99c2c45f7b4debb) Importer(2089858483,b0f066a214c2f5e87bad3c948f4d605d)
Start importing Assets/Chris-Good/Models and Prefabs/Walls and Floors/Prefabs/Stone/Walls/Wall-Stone (10).prefab using Guid(a1a6f79947908614e99c2c45f7b4debb) Importer(2089858483,b0f066a214c2f5e87bad3c948f4d605d) (ScriptedImporter) -> (artifact id: '38c95a3436e29ff6fa1329f52cab1c6f') in 0.0074097 seconds
Number of updated asset objects reloaded before import = 0Number of asset objects unloaded after import = 9

========================================================================
Received Import Request.
  Time since last request: 0.000018 seconds.
  path: Assets/Chris-Good/Models and Prefabs/Walls and Floors/Prefabs/Stone/Walls/Wall-Stone (11).prefab
  artifactKey: Guid(4b2e8a6e511c01f4b91e12fdc890b3e8) Importer(2089858483,b0f066a214c2f5e87bad3c948f4d605d)
Start importing Assets/Chris-Good/Models and Prefabs/Walls and Floors/Prefabs/Stone/Walls/Wall-Stone (11).prefab using Guid(4b2e8a6e511c01f4b91e12fdc890b3e8) Importer(2089858483,b0f066a214c2f5e87bad3c948f4d605d) (ScriptedImporter) -> (artifact id: 'cd70fe364038fe96827f18faf7d1a8ef') in 0.0081877 seconds
Number of updated asset objects reloaded before import = 0Number of asset objects unloaded after import = 9

========================================================================
Received Import Request.
  Time since last request: 0.000018 seconds.
  path: Assets/Chris-Good/Models and Prefabs/Walls and Floors/Models/Wood/materials/Wall-Wood-Model-09.mat
  artifactKey: Guid(7584423a6e5810f4d9b65edbec9434b3) Importer(2089858483,b0f066a214c2f5e87bad3c948f4d605d)
Start importing Assets/Chris-Good/Models and Prefabs/Walls and Floors/Models/Wood/materials/Wall-Wood-Model-09.mat using Guid(7584423a6e5810f4d9b65edbec9434b3) Importer(2089858483,b0f066a214c2f5e87bad3c948f4d605d) (ScriptedImporter) -> (artifact id: '32d4638bd9b789ad41f2244ff0b8ba90') in 0.0057808 seconds
Number of updated asset objects reloaded before import = 0Number of asset objects unloaded after import = 2

========================================================================
Received Import Request.
  Time since last request: 0.000026 seconds.
  path: Assets/Chris-Good/Models and Prefabs/Walls and Floors/Models/Wood/materials/Wall-Wood-Model-12.mat
  artifactKey: Guid(752611d936200f948a38463b207b53b8) Importer(2089858483,b0f066a214c2f5e87bad3c948f4d605d)
Start importing Assets/Chris-Good/Models and Prefabs/Walls and Floors/Models/Wood/materials/Wall-Wood-Model-12.mat using Guid(752611d936200f948a38463b207b53b8) Importer(2089858483,b0f066a214c2f5e87bad3c948f4d605d) (ScriptedImporter) -> (artifact id: 'b837b9555a7aa320a858dfbece1dfcf8') in 0.0057189 seconds
Number of updated asset objects reloaded before import = 0Number of asset objects unloaded after import = 2

========================================================================
Received Import Request.
  Time since last request: 0.000027 seconds.
  path: Assets/Chris-Good/Models and Prefabs/Walls and Floors/Prefabs/Stone/Walls/Wall-Stone (12).prefab
  artifactKey: Guid(9aae4dc8828bc01419c54ff0f177ae43) Importer(2089858483,b0f066a214c2f5e87bad3c948f4d605d)
Start importing Assets/Chris-Good/Models and Prefabs/Walls and Floors/Prefabs/Stone/Walls/Wall-Stone (12).prefab using Guid(9aae4dc8828bc01419c54ff0f177ae43) Importer(2089858483,b0f066a214c2f5e87bad3c948f4d605d) (ScriptedImporter) -> (artifact id: 'c06dad0a17b65a95f79c96aa966d0be3') in 0.0107725 seconds
Number of updated asset objects reloaded before import = 0Number of asset objects unloaded after import = 9

========================================================================
Received Import Request.
  Time since last request: 0.000021 seconds.
  path: Assets/Chris-Good/Models and Prefabs/Walls and Floors/Prefabs/Stone/Walls/Wall-Stone (4).prefab
  artifactKey: Guid(dc77b6cc4195bbb4984d02f7c0afe05b) Importer(2089858483,b0f066a214c2f5e87bad3c948f4d605d)
Start importing Assets/Chris-Good/Models and Prefabs/Walls and Floors/Prefabs/Stone/Walls/Wall-Stone (4).prefab using Guid(dc77b6cc4195bbb4984d02f7c0afe05b) Importer(2089858483,b0f066a214c2f5e87bad3c948f4d605d) (ScriptedImporter) -> (artifact id: '8eca92fd31bc1c17e59e6f13c8025824') in 0.00784 seconds
Number of updated asset objects reloaded before import = 0Number of asset objects unloaded after import = 9

========================================================================
Received Import Request.
  Time since last request: 0.000017 seconds.
  path: Assets/Chris-Good/Models and Prefabs/Walls and Floors/Prefabs/Wood/Walls/Wall-Wood (1).prefab
  artifactKey: Guid(e8595c6dd7586664e9b2e1b34d1d1519) Importer(2089858483,b0f066a214c2f5e87bad3c948f4d605d)
Start importing Assets/Chris-Good/Models and Prefabs/Walls and Floors/Prefabs/Wood/Walls/Wall-Wood (1).prefab using Guid(e8595c6dd7586664e9b2e1b34d1d1519) Importer(2089858483,b0f066a214c2f5e87bad3c948f4d605d) (ScriptedImporter) -> (artifact id: '7a31a6278941ead607a61fd20160cd48') in 0.0075698 seconds
Number of updated asset objects reloaded before import = 0Number of asset objects unloaded after import = 9

========================================================================
Received Import Request.
  Time since last request: 0.000017 seconds.
  path: Assets/Chris-Good/Models and Prefabs/Walls and Floors/Prefabs/Wood/Walls/Wall-Wood (5).prefab
  artifactKey: Guid(21c0387b36f639c4ea2b2478cd74c1f1) Importer(2089858483,b0f066a214c2f5e87bad3c948f4d605d)
Start importing Assets/Chris-Good/Models and Prefabs/Walls and Floors/Prefabs/Wood/Walls/Wall-Wood (5).prefab using Guid(21c0387b36f639c4ea2b2478cd74c1f1) Importer(2089858483,b0f066a214c2f5e87bad3c948f4d605d) (ScriptedImporter) -> (artifact id: '0d367fa41858ffb4b98b1064045057ee') in 0.0075024 seconds
Number of updated asset objects reloaded before import = 0Number of asset objects unloaded after import = 9

========================================================================
Received Import Request.
  Time since last request: 0.000020 seconds.
  path: Assets/Chris-Good/Models and Prefabs/Walls and Floors/Prefabs/Wood/Corners/Corner-Wood (1).prefab
  artifactKey: Guid(77976cd2b82f556438bb8cab87fcc97f) Importer(2089858483,b0f066a214c2f5e87bad3c948f4d605d)
Start importing Assets/Chris-Good/Models and Prefabs/Walls and Floors/Prefabs/Wood/Corners/Corner-Wood (1).prefab using Guid(77976cd2b82f556438bb8cab87fcc97f) Importer(2089858483,b0f066a214c2f5e87bad3c948f4d605d) (ScriptedImporter) -> (artifact id: 'f80001624e85a69ff9b9c20fc4ca38ad') in 0.0076152 seconds
Number of updated asset objects reloaded before import = 0Number of asset objects unloaded after import = 9

========================================================================
Received Import Request.
  Time since last request: 0.000025 seconds.
  path: Assets/Chris-Good/Models and Prefabs/Walls and Floors/Prefabs/Wood/Walls/Wall-Wood (3).prefab
  artifactKey: Guid(66f5925fa8c9b394f9489ff5d7650bb6) Importer(2089858483,b0f066a214c2f5e87bad3c948f4d605d)
Start importing Assets/Chris-Good/Models and Prefabs/Walls and Floors/Prefabs/Wood/Walls/Wall-Wood (3).prefab using Guid(66f5925fa8c9b394f9489ff5d7650bb6) Importer(2089858483,b0f066a214c2f5e87bad3c948f4d605d) (ScriptedImporter) -> (artifact id: 'dcd5b3e2e0881fe7a9cb99f917de1354') in 0.0077364 seconds
Number of updated asset objects reloaded before import = 0Number of asset objects unloaded after import = 9

========================================================================
Received Import Request.
  Time since last request: 0.000016 seconds.
  path: Assets/Chris-Good/Models and Prefabs/Walls and Floors/Prefabs/Wood/Floors/Floor-Wood (1).prefab
  artifactKey: Guid(e4673636c6e553047a13961685325abb) Importer(2089858483,b0f066a214c2f5e87bad3c948f4d605d)
Start importing Assets/Chris-Good/Models and Prefabs/Walls and Floors/Prefabs/Wood/Floors/Floor-Wood (1).prefab using Guid(e4673636c6e553047a13961685325abb) Importer(2089858483,b0f066a214c2f5e87bad3c948f4d605d) (ScriptedImporter) -> (artifact id: 'df592a6457ccfb890e8a0365d75d457f') in 0.0081046 seconds
Number of updated asset objects reloaded before import = 0Number of asset objects unloaded after import = 9

========================================================================
Received Import Request.
  Time since last request: 0.000018 seconds.
  path: Assets/Chris-Good/Models and Prefabs/Walls and Floors/Prefabs/Wood/Doors/Door-Wood (1).prefab
  artifactKey: Guid(fff2308415efdbe448abdc24b5628e2e) Importer(2089858483,b0f066a214c2f5e87bad3c948f4d605d)
Start importing Assets/Chris-Good/Models and Prefabs/Walls and Floors/Prefabs/Wood/Doors/Door-Wood (1).prefab using Guid(fff2308415efdbe448abdc24b5628e2e) Importer(2089858483,b0f066a214c2f5e87bad3c948f4d605d) (ScriptedImporter) -> (artifact id: '8ccbb8413ee52ebdfa381b7b27408749') in 0.0096032 seconds
Number of updated asset objects reloaded before import = 0Number of asset objects unloaded after import = 11

========================================================================
Received Import Request.
  Time since last request: 0.000020 seconds.
  path: Assets/Chris-Good/Models and Prefabs/Walls and Floors/Prefabs/Stone/Walls/Wall-Stone (6).prefab
  artifactKey: Guid(2e9f6445b852142479ab56a3f7d25269) Importer(2089858483,b0f066a214c2f5e87bad3c948f4d605d)
Start importing Assets/Chris-Good/Models and Prefabs/Walls and Floors/Prefabs/Stone/Walls/Wall-Stone (6).prefab using Guid(2e9f6445b852142479ab56a3f7d25269) Importer(2089858483,b0f066a214c2f5e87bad3c948f4d605d) (ScriptedImporter) -> (artifact id: '754455da90dc330bea6777a2bda0800a') in 0.008297 seconds
Number of updated asset objects reloaded before import = 0Number of asset objects unloaded after import = 9

========================================================================
Received Import Request.
  Time since last request: 0.000020 seconds.
  path: Assets/IsaacR/Models and Prefabs/Walls and Floors/Models/Stone/materials/Floor-Stone-Model-03.png
  artifactKey: Guid(c14e6c8e486c9164abe1ba8cba776bdd) Importer(2089858483,b0f066a214c2f5e87bad3c948f4d605d)
Start importing Assets/IsaacR/Models and Prefabs/Walls and Floors/Models/Stone/materials/Floor-Stone-Model-03.png using Guid(c14e6c8e486c9164abe1ba8cba776bdd) Importer(2089858483,b0f066a214c2f5e87bad3c948f4d605d) (ScriptedImporter) -> (artifact id: '552b84a4a569f6dfd86f4654c1f0ff26') in 0.007787 seconds
Number of updated asset objects reloaded before import = 0Number of asset objects unloaded after import = 1

========================================================================
Received Import Request.
  Time since last request: 0.000024 seconds.
  path: Assets/IsaacR/Models and Prefabs/Walls and Floors/Models/Stone/materials/Wall-Stone-Model-01.mat
  artifactKey: Guid(6bab185ac384ee84b9ec72e9fa1f5a0b) Importer(2089858483,b0f066a214c2f5e87bad3c948f4d605d)
Start importing Assets/IsaacR/Models and Prefabs/Walls and Floors/Models/Stone/materials/Wall-Stone-Model-01.mat using Guid(6bab185ac384ee84b9ec72e9fa1f5a0b) Importer(2089858483,b0f066a214c2f5e87bad3c948f4d605d) (ScriptedImporter) -> (artifact id: '7f0fc97220ff186b5dfa6b331ce51353') in 0.0060216 seconds
Number of updated asset objects reloaded before import = 0Number of asset objects unloaded after import = 2

========================================================================
Received Import Request.
  Time since last request: 0.000017 seconds.
  path: Assets/IsaacR/Models and Prefabs/Walls and Floors/Models/Stone/materials/Floor-Stone-Model-02.png
  artifactKey: Guid(4b019c99a38a56847b401a8c71ee9e52) Importer(2089858483,b0f066a214c2f5e87bad3c948f4d605d)
Start importing Assets/IsaacR/Models and Prefabs/Walls and Floors/Models/Stone/materials/Floor-Stone-Model-02.png using Guid(4b019c99a38a56847b401a8c71ee9e52) Importer(2089858483,b0f066a214c2f5e87bad3c948f4d605d) (ScriptedImporter) -> (artifact id: '1ac1b5b51ca62c2cecb458a5d3d1462b') in 0.0077328 seconds
Number of updated asset objects reloaded before import = 0Number of asset objects unloaded after import = 1

========================================================================
Received Import Request.
  Time since last request: 0.000013 seconds.
  path: Assets/IsaacR/Models and Prefabs/Walls and Floors/Models/Stone/materials/Corner-Stone-Model-01.png
  artifactKey: Guid(f0732e9778c4fb74fa8d30845f6212be) Importer(2089858483,b0f066a214c2f5e87bad3c948f4d605d)
Start importing Assets/IsaacR/Models and Prefabs/Walls and Floors/Models/Stone/materials/Corner-Stone-Model-01.png using Guid(f0732e9778c4fb74fa8d30845f6212be) Importer(2089858483,b0f066a214c2f5e87bad3c948f4d605d) (ScriptedImporter) -> (artifact id: 'a43e352e971aa90e00d0a395ff43e714') in 0.0079156 seconds
Number of updated asset objects reloaded before import = 0Number of asset objects unloaded after import = 1

========================================================================
Received Import Request.
  Time since last request: 0.000017 seconds.
  path: Assets/IsaacR/Models and Prefabs/Walls and Floors/Models/Stone/materials/Corner-Stone-Model-04.png
  artifactKey: Guid(5ca69137ead86f54fae988050e120677) Importer(2089858483,b0f066a214c2f5e87bad3c948f4d605d)
Start importing Assets/IsaacR/Models and Prefabs/Walls and Floors/Models/Stone/materials/Corner-Stone-Model-04.png using Guid(5ca69137ead86f54fae988050e120677) Importer(2089858483,b0f066a214c2f5e87bad3c948f4d605d) (ScriptedImporter) -> (artifact id: 'a3476a4500c22648cace956647e21088') in 0.0101025 seconds
Number of updated asset objects reloaded before import = 0Number of asset objects unloaded after import = 1

========================================================================
Received Import Request.
  Time since last request: 0.000019 seconds.
  path: Assets/IsaacR/Models and Prefabs/Walls and Floors/Models/Stone/materials/Floor-Stone-Model-01.mat
  artifactKey: Guid(d11fa86f6253e414caebddc018e46f36) Importer(2089858483,b0f066a214c2f5e87bad3c948f4d605d)
Start importing Assets/IsaacR/Models and Prefabs/Walls and Floors/Models/Stone/materials/Floor-Stone-Model-01.mat using Guid(d11fa86f6253e414caebddc018e46f36) Importer(2089858483,b0f066a214c2f5e87bad3c948f4d605d) (ScriptedImporter) -> (artifact id: 'f8be5feb92433e1444f678736f0bc197') in 0.0063929 seconds
Number of updated asset objects reloaded before import = 0Number of asset objects unloaded after import = 2

========================================================================
Received Import Request.
  Time since last request: 0.000022 seconds.
  path: Assets/IsaacR/Models and Prefabs/Walls and Floors/Models/Stone/materials/Corner-Stone-Model-03.png
  artifactKey: Guid(d97ecc2c81b0f114db54ac1abdbf10d0) Importer(2089858483,b0f066a214c2f5e87bad3c948f4d605d)
Start importing Assets/IsaacR/Models and Prefabs/Walls and Floors/Models/Stone/materials/Corner-Stone-Model-03.png using Guid(d97ecc2c81b0f114db54ac1abdbf10d0) Importer(2089858483,b0f066a214c2f5e87bad3c948f4d605d) (ScriptedImporter) -> (artifact id: '2cbd98e3153e6b73d95426ab5057208b') in 0.0075429 seconds
Number of updated asset objects reloaded before import = 0Number of asset objects unloaded after import = 1

========================================================================
Received Import Request.
  Time since last request: 0.000014 seconds.
  path: Assets/IsaacR/Models and Prefabs/Walls and Floors/Models/Stone/materials/Corner-Stone-Model-04.mat
  artifactKey: Guid(f8c20d47254e91a46bfd8e84da3fafc5) Importer(2089858483,b0f066a214c2f5e87bad3c948f4d605d)
Start importing Assets/IsaacR/Models and Prefabs/Walls and Floors/Models/Stone/materials/Corner-Stone-Model-04.mat using Guid(f8c20d47254e91a46bfd8e84da3fafc5) Importer(2089858483,b0f066a214c2f5e87bad3c948f4d605d) (ScriptedImporter) -> (artifact id: '5bf2f65c96f25e585df75d1d0824e179') in 0.0065184 seconds
Number of updated asset objects reloaded before import = 0Number of asset objects unloaded after import = 2

========================================================================
Received Import Request.
  Time since last request: 0.000014 seconds.
  path: Assets/IsaacR/Models and Prefabs/Walls and Floors/Models/Stone/materials/Corner-Stone-Model-02.png
  artifactKey: Guid(258ac1d9d7ede00408a52fa3727ac7db) Importer(2089858483,b0f066a214c2f5e87bad3c948f4d605d)
Start importing Assets/IsaacR/Models and Prefabs/Walls and Floors/Models/Stone/materials/Corner-Stone-Model-02.png using Guid(258ac1d9d7ede00408a52fa3727ac7db) Importer(2089858483,b0f066a214c2f5e87bad3c948f4d605d) (ScriptedImporter) -> (artifact id: '74f618a996b8d25cef97c4a427dedcbc') in 0.0079544 seconds
Number of updated asset objects reloaded before import = 0Number of asset objects unloaded after import = 1

========================================================================
Received Import Request.
  Time since last request: 0.000014 seconds.
  path: Assets/IsaacR/Models and Prefabs/Walls and Floors/Models/Stone/materials/Wall-Stone-Model-12.png
  artifactKey: Guid(3687364887f70fa45ae1c0f9da802a39) Importer(2089858483,b0f066a214c2f5e87bad3c948f4d605d)
Start importing Assets/IsaacR/Models and Prefabs/Walls and Floors/Models/Stone/materials/Wall-Stone-Model-12.png using Guid(3687364887f70fa45ae1c0f9da802a39) Importer(2089858483,b0f066a214c2f5e87bad3c948f4d605d) (ScriptedImporter) -> (artifact id: '1f24a63320aaaa73801d72a6a6a6eddd') in 0.007315 seconds
Number of updated asset objects reloaded before import = 0Number of asset objects unloaded after import = 1

========================================================================
Received Import Request.
  Time since last request: 0.000015 seconds.
  path: Assets/IsaacR/Models and Prefabs/Walls and Floors/Models/Stone/materials/Wall-Stone-Model-06.png
  artifactKey: Guid(82708fd0dbb11f54d80bdc3f296500a7) Importer(2089858483,b0f066a214c2f5e87bad3c948f4d605d)
Start importing Assets/IsaacR/Models and Prefabs/Walls and Floors/Models/Stone/materials/Wall-Stone-Model-06.png using Guid(82708fd0dbb11f54d80bdc3f296500a7) Importer(2089858483,b0f066a214c2f5e87bad3c948f4d605d) (ScriptedImporter) -> (artifact id: '655ae9cd62ed3b56d03c5b0ab9328e3c') in 0.0073754 seconds
Number of updated asset objects reloaded before import = 0Number of asset objects unloaded after import = 1

========================================================================
Received Import Request.
  Time since last request: 0.000020 seconds.
  path: Assets/IsaacR/Models and Prefabs/Walls and Floors/Models/Stone/materials/Wall-Stone-Model-05.mat
  artifactKey: Guid(50a6f8002ed2ed54594fc4a927f32b70) Importer(2089858483,b0f066a214c2f5e87bad3c948f4d605d)
Start importing Assets/IsaacR/Models and Prefabs/Walls and Floors/Models/Stone/materials/Wall-Stone-Model-05.mat using Guid(50a6f8002ed2ed54594fc4a927f32b70) Importer(2089858483,b0f066a214c2f5e87bad3c948f4d605d) (ScriptedImporter) -> (artifact id: '31cdb8fa334e64848bfba5df4fd44eb4') in 0.0072012 seconds
Number of updated asset objects reloaded before import = 0Number of asset objects unloaded after import = 2

========================================================================
Received Import Request.
  Time since last request: 0.000013 seconds.
  path: Assets/IsaacR/Models and Prefabs/Walls and Floors/Models/Stone/materials/Wall-Stone-Model-03.png
  artifactKey: Guid(677ca692abb327e49885272bf7fe90f9) Importer(2089858483,b0f066a214c2f5e87bad3c948f4d605d)
Start importing Assets/IsaacR/Models and Prefabs/Walls and Floors/Models/Stone/materials/Wall-Stone-Model-03.png using Guid(677ca692abb327e49885272bf7fe90f9) Importer(2089858483,b0f066a214c2f5e87bad3c948f4d605d) (ScriptedImporter) -> (artifact id: 'afb445fb3e5bdf773556916454cba7f9') in 0.0072871 seconds
Number of updated asset objects reloaded before import = 0Number of asset objects unloaded after import = 1

========================================================================
Received Import Request.
  Time since last request: 0.000012 seconds.
  path: Assets/IsaacR/Models and Prefabs/Walls and Floors/Models/Stone/materials/Wall-Stone-Model-07.png
  artifactKey: Guid(fb4232850ab84d34a893a9716a55b60a) Importer(2089858483,b0f066a214c2f5e87bad3c948f4d605d)
Start importing Assets/IsaacR/Models and Prefabs/Walls and Floors/Models/Stone/materials/Wall-Stone-Model-07.png using Guid(fb4232850ab84d34a893a9716a55b60a) Importer(2089858483,b0f066a214c2f5e87bad3c948f4d605d) (ScriptedImporter) -> (artifact id: '6137507cabfb0cb19922982154e7da97') in 0.0075654 seconds
Number of updated asset objects reloaded before import = 0Number of asset objects unloaded after import = 1

========================================================================
Received Import Request.
  Time since last request: 0.000012 seconds.
  path: Assets/IsaacR/Models and Prefabs/Walls and Floors/Models/Stone/materials/Wall-Stone-Model-07.mat
  artifactKey: Guid(4769f50f7abbde747b43a39d8b006917) Importer(2089858483,b0f066a214c2f5e87bad3c948f4d605d)
Start importing Assets/IsaacR/Models and Prefabs/Walls and Floors/Models/Stone/materials/Wall-Stone-Model-07.mat using Guid(4769f50f7abbde747b43a39d8b006917) Importer(2089858483,b0f066a214c2f5e87bad3c948f4d605d) (ScriptedImporter) -> (artifact id: '2871f9582712305c90026cfc1b035e1c') in 0.0056588 seconds
Number of updated asset objects reloaded before import = 0Number of asset objects unloaded after import = 2

========================================================================
Received Import Request.
  Time since last request: 0.000017 seconds.
  path: Assets/IsaacR/Models and Prefabs/Walls and Floors/Models/Stone/materials/Wall-Stone-Model-05.png
  artifactKey: Guid(9a0d38b18a410cd4c9ccec5581ce1191) Importer(2089858483,b0f066a214c2f5e87bad3c948f4d605d)
Start importing Assets/IsaacR/Models and Prefabs/Walls and Floors/Models/Stone/materials/Wall-Stone-Model-05.png using Guid(9a0d38b18a410cd4c9ccec5581ce1191) Importer(2089858483,b0f066a214c2f5e87bad3c948f4d605d) (ScriptedImporter) -> (artifact id: '9ca9922b09c2360827e71dbd58577547') in 0.0072634 seconds
Number of updated asset objects reloaded before import = 0Number of asset objects unloaded after import = 1

========================================================================
Received Import Request.
  Time since last request: 0.000019 seconds.
  path: Assets/IsaacR/Models and Prefabs/Walls and Floors/Models/Stone/materials/Wall-Stone-Model-04.png
  artifactKey: Guid(490c1dcf035bca0439a5d8e141854047) Importer(2089858483,b0f066a214c2f5e87bad3c948f4d605d)
Start importing Assets/IsaacR/Models and Prefabs/Walls and Floors/Models/Stone/materials/Wall-Stone-Model-04.png using Guid(490c1dcf035bca0439a5d8e141854047) Importer(2089858483,b0f066a214c2f5e87bad3c948f4d605d) (ScriptedImporter) -> (artifact id: '47f0fb31e3d767af32945f9f522205e8') in 0.0074502 seconds
Number of updated asset objects reloaded before import = 0Number of asset objects unloaded after import = 1

========================================================================
Received Import Request.
  Time since last request: 0.000014 seconds.
  path: Assets/IsaacR/Models and Prefabs/Walls and Floors/Models/Stone/materials/Wall-Stone-Model-09.mat
  artifactKey: Guid(41ee58b4bcbbd1c408496917a1334631) Importer(2089858483,b0f066a214c2f5e87bad3c948f4d605d)
Start importing Assets/IsaacR/Models and Prefabs/Walls and Floors/Models/Stone/materials/Wall-Stone-Model-09.mat using Guid(41ee58b4bcbbd1c408496917a1334631) Importer(2089858483,b0f066a214c2f5e87bad3c948f4d605d) (ScriptedImporter) -> (artifact id: '950ed536cf67b4e58e65421846099155') in 0.006193 seconds
Number of updated asset objects reloaded before import = 0Number of asset objects unloaded after import = 2

========================================================================
Received Import Request.
  Time since last request: 0.000015 seconds.
  path: Assets/IsaacR/Models and Prefabs/Walls and Floors/Models/Wood/materials/Wall-Wood-Model-03.mat
  artifactKey: Guid(2f882f90ada04dc42806eee84f7d9752) Importer(2089858483,b0f066a214c2f5e87bad3c948f4d605d)
Start importing Assets/IsaacR/Models and Prefabs/Walls and Floors/Models/Wood/materials/Wall-Wood-Model-03.mat using Guid(2f882f90ada04dc42806eee84f7d9752) Importer(2089858483,b0f066a214c2f5e87bad3c948f4d605d) (ScriptedImporter) -> (artifact id: '05a4774dc5369430444aa60ab54d77b7') in 0.006416 seconds
Number of updated asset objects reloaded before import = 0Number of asset objects unloaded after import = 2

========================================================================
Received Import Request.
  Time since last request: 0.000014 seconds.
  path: Assets/IsaacR/Models and Prefabs/Walls and Floors/Models/Wood/materials/Wall-Wood-Model-05.mat
  artifactKey: Guid(26b2fd379ad4f6648814211c47a6d8c4) Importer(2089858483,b0f066a214c2f5e87bad3c948f4d605d)
Start importing Assets/IsaacR/Models and Prefabs/Walls and Floors/Models/Wood/materials/Wall-Wood-Model-05.mat using Guid(26b2fd379ad4f6648814211c47a6d8c4) Importer(2089858483,b0f066a214c2f5e87bad3c948f4d605d) (ScriptedImporter) -> (artifact id: '55d6f859751f90741428eed6253dad59') in 0.0067615 seconds
Number of updated asset objects reloaded before import = 0Number of asset objects unloaded after import = 2

========================================================================
Received Import Request.
  Time since last request: 0.000016 seconds.
  path: Assets/IsaacR/Models and Prefabs/Walls and Floors/Models/Wood/materials/Door-Wood-Model-03.mat
  artifactKey: Guid(4e4d3ca522463f84fb25b61c8f3a5f5a) Importer(2089858483,b0f066a214c2f5e87bad3c948f4d605d)
Start importing Assets/IsaacR/Models and Prefabs/Walls and Floors/Models/Wood/materials/Door-Wood-Model-03.mat using Guid(4e4d3ca522463f84fb25b61c8f3a5f5a) Importer(2089858483,b0f066a214c2f5e87bad3c948f4d605d) (ScriptedImporter) -> (artifact id: 'c57154c720ded53dd9cd81db2f631150') in 0.0056031 seconds
Number of updated asset objects reloaded before import = 0Number of asset objects unloaded after import = 2

========================================================================
Received Import Request.
  Time since last request: 0.000035 seconds.
  path: Assets/IsaacR/Models and Prefabs/Walls and Floors/Models/Wood/materials/Wall-Wood-Model-01.mat
  artifactKey: Guid(16905a709ec9d8242bca3921441b493e) Importer(2089858483,b0f066a214c2f5e87bad3c948f4d605d)
Start importing Assets/IsaacR/Models and Prefabs/Walls and Floors/Models/Wood/materials/Wall-Wood-Model-01.mat using Guid(16905a709ec9d8242bca3921441b493e) Importer(2089858483,b0f066a214c2f5e87bad3c948f4d605d) (ScriptedImporter) -> (artifact id: '8b070a1173aecab22bdaafb592bb42c0') in 0.0060371 seconds
Number of updated asset objects reloaded before import = 0Number of asset objects unloaded after import = 2

========================================================================
Received Import Request.
  Time since last request: 0.000015 seconds.
  path: Assets/IsaacR/Models and Prefabs/Walls and Floors/Models/Wood/materials/Floor-Wood-Model-01.mat
  artifactKey: Guid(04dde5a6330b3e246b6b7a91f41ca521) Importer(2089858483,b0f066a214c2f5e87bad3c948f4d605d)
Start importing Assets/IsaacR/Models and Prefabs/Walls and Floors/Models/Wood/materials/Floor-Wood-Model-01.mat using Guid(04dde5a6330b3e246b6b7a91f41ca521) Importer(2089858483,b0f066a214c2f5e87bad3c948f4d605d) (ScriptedImporter) -> (artifact id: 'cd3f8c39e60c4e194fc6799d55475258') in 0.006188 seconds
Number of updated asset objects reloaded before import = 0Number of asset objects unloaded after import = 2

========================================================================
Received Import Request.
  Time since last request: 0.000015 seconds.
  path: Assets/IsaacR/Models and Prefabs/Walls and Floors/Models/Wood/materials/Corner-Wood-Model-04.png
  artifactKey: Guid(72277dd14cc512a4b8ef094ba8b08eb6) Importer(2089858483,b0f066a214c2f5e87bad3c948f4d605d)
Start importing Assets/IsaacR/Models and Prefabs/Walls and Floors/Models/Wood/materials/Corner-Wood-Model-04.png using Guid(72277dd14cc512a4b8ef094ba8b08eb6) Importer(2089858483,b0f066a214c2f5e87bad3c948f4d605d) (ScriptedImporter) -> (artifact id: '914133767b3cab4a2b07c19e275b53e7') in 0.0076411 seconds
Number of updated asset objects reloaded before import = 0Number of asset objects unloaded after import = 1

========================================================================
Received Import Request.
  Time since last request: 0.000013 seconds.
  path: Assets/IsaacR/Models and Prefabs/Walls and Floors/Models/Wood/materials/Floor-Wood-Model-01.png
  artifactKey: Guid(3dfe49ef46dc99d4cb184bffaa3090a3) Importer(2089858483,b0f066a214c2f5e87bad3c948f4d605d)
Start importing Assets/IsaacR/Models and Prefabs/Walls and Floors/Models/Wood/materials/Floor-Wood-Model-01.png using Guid(3dfe49ef46dc99d4cb184bffaa3090a3) Importer(2089858483,b0f066a214c2f5e87bad3c948f4d605d) (ScriptedImporter) -> (artifact id: '906a9dd5a1ccd5b727fb330bb6653f52') in 0.0072319 seconds
Number of updated asset objects reloaded before import = 0Number of asset objects unloaded after import = 1

========================================================================
Received Import Request.
  Time since last request: 0.000015 seconds.
  path: Assets/IsaacR/Models and Prefabs/Walls and Floors/Models/Wood/materials/Door-Wood-Model-01.png
  artifactKey: Guid(dbacd9329da6c58468f4a1855ee33e4e) Importer(2089858483,b0f066a214c2f5e87bad3c948f4d605d)
Start importing Assets/IsaacR/Models and Prefabs/Walls and Floors/Models/Wood/materials/Door-Wood-Model-01.png using Guid(dbacd9329da6c58468f4a1855ee33e4e) Importer(2089858483,b0f066a214c2f5e87bad3c948f4d605d) (ScriptedImporter) -> (artifact id: 'a1321c573f526ce9301adc7e47c84f96') in 0.0069651 seconds
Number of updated asset objects reloaded before import = 0Number of asset objects unloaded after import = 1

========================================================================
Received Import Request.
  Time since last request: 0.000021 seconds.
  path: Assets/IsaacR/Models and Prefabs/Walls and Floors/Models/Wood/materials/Corner-Wood-Model-04.mat
  artifactKey: Guid(8865f9fb69c73fc4dac02dbaf129cd6f) Importer(2089858483,b0f066a214c2f5e87bad3c948f4d605d)
Start importing Assets/IsaacR/Models and Prefabs/Walls and Floors/Models/Wood/materials/Corner-Wood-Model-04.mat using Guid(8865f9fb69c73fc4dac02dbaf129cd6f) Importer(2089858483,b0f066a214c2f5e87bad3c948f4d605d) (ScriptedImporter) -> (artifact id: '07ef0dd1efe09f6fde2669a3ece7dadf') in 0.0060323 seconds
Number of updated asset objects reloaded before import = 0Number of asset objects unloaded after import = 2

========================================================================
Received Import Request.
  Time since last request: 0.000015 seconds.
  path: Assets/IsaacR/TextMesh Pro/Shaders/TMP_Sprite.shader
  artifactKey: Guid(cf81c85f95fe47e1a27f6ae460cf182c) Importer(2089858483,b0f066a214c2f5e87bad3c948f4d605d)
Start importing Assets/IsaacR/TextMesh Pro/Shaders/TMP_Sprite.shader using Guid(cf81c85f95fe47e1a27f6ae460cf182c) Importer(2089858483,b0f066a214c2f5e87bad3c948f4d605d) (ScriptedImporter) -> (artifact id: '853782d5a7d63dc66c029bfa58e3a31e') in 0.0046161 seconds
Number of updated asset objects reloaded before import = 0Number of asset objects unloaded after import = 1

========================================================================
Received Import Request.
  Time since last request: 0.000021 seconds.
  path: Assets/IsaacR/Models and Prefabs/Walls and Floors/Prefabs/Stone/Doors/Door-Stone (3).prefab
  artifactKey: Guid(3952e0ecbf702cd488589d0845752283) Importer(2089858483,b0f066a214c2f5e87bad3c948f4d605d)
Start importing Assets/IsaacR/Models and Prefabs/Walls and Floors/Prefabs/Stone/Doors/Door-Stone (3).prefab using Guid(3952e0ecbf702cd488589d0845752283) Importer(2089858483,b0f066a214c2f5e87bad3c948f4d605d) (ScriptedImporter) -> (artifact id: '37d2407f9a496e6f4fee16eecce2f8fa') in 0.0088604 seconds
Number of updated asset objects reloaded before import = 0Number of asset objects unloaded after import = 11

========================================================================
Received Import Request.
  Time since last request: 0.000015 seconds.
  path: Assets/IsaacR/Models and Prefabs/Walls and Floors/Models/Wood/materials/Wall-Wood-Model-12.mat
  artifactKey: Guid(7300a8a82903d944b8c98ede97975c83) Importer(2089858483,b0f066a214c2f5e87bad3c948f4d605d)
Start importing Assets/IsaacR/Models and Prefabs/Walls and Floors/Models/Wood/materials/Wall-Wood-Model-12.mat using Guid(7300a8a82903d944b8c98ede97975c83) Importer(2089858483,b0f066a214c2f5e87bad3c948f4d605d) (ScriptedImporter) -> (artifact id: '1417211add309a7c5bd88adab874485a') in 0.0061587 seconds
Number of updated asset objects reloaded before import = 0Number of asset objects unloaded after import = 2

========================================================================
Received Import Request.
  Time since last request: 0.000015 seconds.
  path: Assets/IsaacR/Models and Prefabs/Walls and Floors/Models/Wood/materials/Wall-Wood-Model-09.png
  artifactKey: Guid(eeb0701e323c5bd4aa3393e20b9949c5) Importer(2089858483,b0f066a214c2f5e87bad3c948f4d605d)
Start importing Assets/IsaacR/Models and Prefabs/Walls and Floors/Models/Wood/materials/Wall-Wood-Model-09.png using Guid(eeb0701e323c5bd4aa3393e20b9949c5) Importer(2089858483,b0f066a214c2f5e87bad3c948f4d605d) (ScriptedImporter) -> (artifact id: '51a2bac167b0b3125c7145e4cd10b3cc') in 0.0077491 seconds
Number of updated asset objects reloaded before import = 0Number of asset objects unloaded after import = 1

========================================================================
Received Import Request.
  Time since last request: 0.000019 seconds.
  path: Assets/IsaacR/Models and Prefabs/Walls and Floors/Prefabs/Stone/Corners/Corner-Stone (4).prefab
  artifactKey: Guid(5f0e0bdae43f0e246838b224b890f91a) Importer(2089858483,b0f066a214c2f5e87bad3c948f4d605d)
Start importing Assets/IsaacR/Models and Prefabs/Walls and Floors/Prefabs/Stone/Corners/Corner-Stone (4).prefab using Guid(5f0e0bdae43f0e246838b224b890f91a) Importer(2089858483,b0f066a214c2f5e87bad3c948f4d605d) (ScriptedImporter) -> (artifact id: '39bb055bfb606987905268da55c4abe9') in 0.0075646 seconds
Number of updated asset objects reloaded before import = 0Number of asset objects unloaded after import = 9

========================================================================
Received Import Request.
  Time since last request: 0.000012 seconds.
  path: Assets/IsaacR/Models and Prefabs/Walls and Floors/Prefabs/Stone/Walls/Wall-Stone (3).prefab
  artifactKey: Guid(5e8f475744f760e45820b273c28c547b) Importer(2089858483,b0f066a214c2f5e87bad3c948f4d605d)
Start importing Assets/IsaacR/Models and Prefabs/Walls and Floors/Prefabs/Stone/Walls/Wall-Stone (3).prefab using Guid(5e8f475744f760e45820b273c28c547b) Importer(2089858483,b0f066a214c2f5e87bad3c948f4d605d) (ScriptedImporter) -> (artifact id: '2fb5fc8b1217281bbae47faa02343139') in 0.007613 seconds
Number of updated asset objects reloaded before import = 0Number of asset objects unloaded after import = 9

========================================================================
Received Import Request.
  Time since last request: 0.000014 seconds.
  path: Assets/IsaacR/Models and Prefabs/Walls and Floors/Models/Wood/materials/Wall-Wood-Model-09.mat
  artifactKey: Guid(8162c6f600f4f694e8e3c2efae9dd6df) Importer(2089858483,b0f066a214c2f5e87bad3c948f4d605d)
Start importing Assets/IsaacR/Models and Prefabs/Walls and Floors/Models/Wood/materials/Wall-Wood-Model-09.mat using Guid(8162c6f600f4f694e8e3c2efae9dd6df) Importer(2089858483,b0f066a214c2f5e87bad3c948f4d605d) (ScriptedImporter) -> (artifact id: '6ceb53b3f2981117bc8dc9710f37c933') in 0.005563 seconds
Number of updated asset objects reloaded before import = 0Number of asset objects unloaded after import = 2

========================================================================
Received Import Request.
  Time since last request: 0.000015 seconds.
  path: Assets/IsaacR/Models and Prefabs/Walls and Floors/Models/Wood/materials/Wall-Wood-Model-12.png
  artifactKey: Guid(4739219ecfde05147a8bbb79d9cd6869) Importer(2089858483,b0f066a214c2f5e87bad3c948f4d605d)
Start importing Assets/IsaacR/Models and Prefabs/Walls and Floors/Models/Wood/materials/Wall-Wood-Model-12.png using Guid(4739219ecfde05147a8bbb79d9cd6869) Importer(2089858483,b0f066a214c2f5e87bad3c948f4d605d) (ScriptedImporter) -> (artifact id: 'e58944fe82031210ce571d725954ba42') in 0.0080858 seconds
Number of updated asset objects reloaded before import = 0Number of asset objects unloaded after import = 1

========================================================================
Received Import Request.
  Time since last request: 0.000031 seconds.
  path: Assets/IsaacR/Models and Prefabs/Walls and Floors/Models/Wood/materials/Wall-Wood-Model-11.mat
  artifactKey: Guid(ef8915cf3d193074390475c98545c012) Importer(2089858483,b0f066a214c2f5e87bad3c948f4d605d)
Start importing Assets/IsaacR/Models and Prefabs/Walls and Floors/Models/Wood/materials/Wall-Wood-Model-11.mat using Guid(ef8915cf3d193074390475c98545c012) Importer(2089858483,b0f066a214c2f5e87bad3c948f4d605d) (ScriptedImporter) -> (artifact id: '892e43c81ae1948e2aa198ef29b1aa37') in 0.0055873 seconds
Number of updated asset objects reloaded before import = 0Number of asset objects unloaded after import = 2

========================================================================
Received Import Request.
  Time since last request: 0.000022 seconds.
  path: Assets/IsaacR/Models and Prefabs/Walls and Floors/Prefabs/Stone/Doors/Door-Stone (2).prefab
  artifactKey: Guid(e3a2df1c0549f6a44803455d20dfe02f) Importer(2089858483,b0f066a214c2f5e87bad3c948f4d605d)
Start importing Assets/IsaacR/Models and Prefabs/Walls and Floors/Prefabs/Stone/Doors/Door-Stone (2).prefab using Guid(e3a2df1c0549f6a44803455d20dfe02f) Importer(2089858483,b0f066a214c2f5e87bad3c948f4d605d) (ScriptedImporter) -> (artifact id: '4e7449b2248ce32d6e79050feabaeaee') in 0.0091139 seconds
Number of updated asset objects reloaded before import = 0Number of asset objects unloaded after import = 11

========================================================================
Received Import Request.
  Time since last request: 0.000026 seconds.
  path: Assets/IsaacR/Models and Prefabs/Walls and Floors/Prefabs/Wood/Walls/Wall-Wood (8).prefab
  artifactKey: Guid(2d605b80c45712b498960e920bc2aac5) Importer(2089858483,b0f066a214c2f5e87bad3c948f4d605d)
Start importing Assets/IsaacR/Models and Prefabs/Walls and Floors/Prefabs/Wood/Walls/Wall-Wood (8).prefab using Guid(2d605b80c45712b498960e920bc2aac5) Importer(2089858483,b0f066a214c2f5e87bad3c948f4d605d) (ScriptedImporter) -> (artifact id: 'a2191a22a3ee5e582674111f54249ed7') in 0.0100526 seconds
Number of updated asset objects reloaded before import = 0Number of asset objects unloaded after import = 9

========================================================================
Received Import Request.
  Time since last request: 0.000014 seconds.
  path: Assets/IsaacR/Models and Prefabs/Walls and Floors/Prefabs/Wood/Walls/Wall-Wood (5).prefab
  artifactKey: Guid(eebf54b2a77c0db4ab44be70d4aa0890) Importer(2089858483,b0f066a214c2f5e87bad3c948f4d605d)
Start importing Assets/IsaacR/Models and Prefabs/Walls and Floors/Prefabs/Wood/Walls/Wall-Wood (5).prefab using Guid(eebf54b2a77c0db4ab44be70d4aa0890) Importer(2089858483,b0f066a214c2f5e87bad3c948f4d605d) (ScriptedImporter) -> (artifact id: '0ce24b933a32118495fac551da118440') in 0.0075467 seconds
Number of updated asset objects reloaded before import = 0Number of asset objects unloaded after import = 9

========================================================================
Received Import Request.
  Time since last request: 0.000013 seconds.
  path: Assets/IsaacR/Models and Prefabs/Walls and Floors/Prefabs/Stone/Walls/Wall-Stone (7).prefab
  artifactKey: Guid(d253bc046f4cf81468dec68014e73c8a) Importer(2089858483,b0f066a214c2f5e87bad3c948f4d605d)
Start importing Assets/IsaacR/Models and Prefabs/Walls and Floors/Prefabs/Stone/Walls/Wall-Stone (7).prefab using Guid(d253bc046f4cf81468dec68014e73c8a) Importer(2089858483,b0f066a214c2f5e87bad3c948f4d605d) (ScriptedImporter) -> (artifact id: '772be8c357cc75c6e8fac3bb69a88397') in 0.0072388 seconds
Number of updated asset objects reloaded before import = 0Number of asset objects unloaded after import = 9

========================================================================
Received Import Request.
  Time since last request: 0.000017 seconds.
  path: Assets/IsaacR/Models and Prefabs/Walls and Floors/Prefabs/Wood/Floors/Floor-Wood (2).prefab
  artifactKey: Guid(3a04037c300905641a514575cfdf3124) Importer(2089858483,b0f066a214c2f5e87bad3c948f4d605d)
Start importing Assets/IsaacR/Models and Prefabs/Walls and Floors/Prefabs/Wood/Floors/Floor-Wood (2).prefab using Guid(3a04037c300905641a514575cfdf3124) Importer(2089858483,b0f066a214c2f5e87bad3c948f4d605d) (ScriptedImporter) -> (artifact id: '5d8409fccbf9082341ab459b6a445216') in 0.0078249 seconds
Number of updated asset objects reloaded before import = 0Number of asset objects unloaded after import = 9

========================================================================
Received Import Request.
  Time since last request: 0.000037 seconds.
  path: Assets/IsaacR/Models and Prefabs/Walls and Floors/Prefabs/Wood/Corners/Corner-Wood (3).prefab
  artifactKey: Guid(0e7c07ad3ebc5084399e73346a4b1f57) Importer(2089858483,b0f066a214c2f5e87bad3c948f4d605d)
Start importing Assets/IsaacR/Models and Prefabs/Walls and Floors/Prefabs/Wood/Corners/Corner-Wood (3).prefab using Guid(0e7c07ad3ebc5084399e73346a4b1f57) Importer(2089858483,b0f066a214c2f5e87bad3c948f4d605d) (ScriptedImporter) -> (artifact id: '095b7c98a5c40e1e0b281671ac1080c0') in 0.0075474 seconds
Number of updated asset objects reloaded before import = 0Number of asset objects unloaded after import = 9

========================================================================
Received Import Request.
  Time since last request: 0.000015 seconds.
  path: Assets/IsaacR/Models and Prefabs/Walls and Floors/Prefabs/Wood/Walls/Wall-Wood (11).prefab
  artifactKey: Guid(4a60c829c08e08b45aafad7cae547f7b) Importer(2089858483,b0f066a214c2f5e87bad3c948f4d605d)
Start importing Assets/IsaacR/Models and Prefabs/Walls and Floors/Prefabs/Wood/Walls/Wall-Wood (11).prefab using Guid(4a60c829c08e08b45aafad7cae547f7b) Importer(2089858483,b0f066a214c2f5e87bad3c948f4d605d) (ScriptedImporter) -> (artifact id: 'bac069a9d99479bea2daa9b7ff43379d') in 0.007373 seconds
Number of updated asset objects reloaded before import = 0Number of asset objects unloaded after import = 9

========================================================================
Received Import Request.
  Time since last request: 0.000014 seconds.
  path: Assets/IsaacR/Models and Prefabs/Walls and Floors/Prefabs/Stone/Walls/Wall-Stone (8).prefab
  artifactKey: Guid(c0a258cc2343fca44898cc7b29258f41) Importer(2089858483,b0f066a214c2f5e87bad3c948f4d605d)
Start importing Assets/IsaacR/Models and Prefabs/Walls and Floors/Prefabs/Stone/Walls/Wall-Stone (8).prefab using Guid(c0a258cc2343fca44898cc7b29258f41) Importer(2089858483,b0f066a214c2f5e87bad3c948f4d605d) (ScriptedImporter) -> (artifact id: '00f402f5266931683c55920754c35426') in 0.0088802 seconds
Number of updated asset objects reloaded before import = 0Number of asset objects unloaded after import = 9

========================================================================
Received Import Request.
  Time since last request: 0.000027 seconds.
  path: Assets/IsaacR/Models and Prefabs/Walls and Floors/Prefabs/Wood/Doors/Door-Wood (3).prefab
  artifactKey: Guid(ac4fdc773c8a5474f8eebd115f806b55) Importer(2089858483,b0f066a214c2f5e87bad3c948f4d605d)
Start importing Assets/IsaacR/Models and Prefabs/Walls and Floors/Prefabs/Wood/Doors/Door-Wood (3).prefab using Guid(ac4fdc773c8a5474f8eebd115f806b55) Importer(2089858483,b0f066a214c2f5e87bad3c948f4d605d) (ScriptedImporter) -> (artifact id: '414bfec7e1321b01edc0de7e80eae72a') in 0.0077747 seconds
Number of updated asset objects reloaded before import = 0Number of asset objects unloaded after import = 11

========================================================================
Received Import Request.
  Time since last request: 0.000016 seconds.
  path: Assets/IsaacR/Models and Prefabs/Walls and Floors/Prefabs/Wood/Walls/Wall-Wood (4).prefab
  artifactKey: Guid(95dab051d06e5d84c93fc35c7e7c398d) Importer(2089858483,b0f066a214c2f5e87bad3c948f4d605d)
Start importing Assets/IsaacR/Models and Prefabs/Walls and Floors/Prefabs/Wood/Walls/Wall-Wood (4).prefab using Guid(95dab051d06e5d84c93fc35c7e7c398d) Importer(2089858483,b0f066a214c2f5e87bad3c948f4d605d) (ScriptedImporter) -> (artifact id: '6ef2cbb2ab3867a1043bba181e02a737') in 0.0075716 seconds
Number of updated asset objects reloaded before import = 0Number of asset objects unloaded after import = 9

========================================================================
Received Import Request.
  Time since last request: 0.000025 seconds.
  path: Assets/Blake/Imported Assets/Models/Environment/Walls and Floors/Models/Stone/Corner-Stone-Model-04.fbx
  artifactKey: Guid(cd2ecb50216bef6438267172d464d5ab) Importer(2089858483,b0f066a214c2f5e87bad3c948f4d605d)
Start importing Assets/Blake/Imported Assets/Models/Environment/Walls and Floors/Models/Stone/Corner-Stone-Model-04.fbx using Guid(cd2ecb50216bef6438267172d464d5ab) Importer(2089858483,b0f066a214c2f5e87bad3c948f4d605d) (ScriptedImporter) -> (artifact id: '3eadf452adfbad7b9f52c117cbfa203e') in 0.0091027 seconds
Number of updated asset objects reloaded before import = 0Number of asset objects unloaded after import = 8

========================================================================
Received Import Request.
  Time since last request: 0.000027 seconds.
  path: Assets/Blake/Imported Assets/Models/Environment/Walls and Floors/Models/Stone/Door-Stone-Model-03.fbx
  artifactKey: Guid(7ba2e918d3548e74d85b1d3d3d6ac1a8) Importer(2089858483,b0f066a214c2f5e87bad3c948f4d605d)
Start importing Assets/Blake/Imported Assets/Models/Environment/Walls and Floors/Models/Stone/Door-Stone-Model-03.fbx using Guid(7ba2e918d3548e74d85b1d3d3d6ac1a8) Importer(2089858483,b0f066a214c2f5e87bad3c948f4d605d) (ScriptedImporter) -> (artifact id: 'f547b5cba24c5136791470799c419103') in 0.009063 seconds
Number of updated asset objects reloaded before import = 0Number of asset objects unloaded after import = 8

========================================================================
Received Import Request.
  Time since last request: 0.000014 seconds.
  path: Assets/Blake/Imported Assets/Models/Environment/Walls and Floors/Models/Stone/Door-Stone-Model-02.fbx
  artifactKey: Guid(81ecf8888cf4a7d49b85a85bf47cbc1b) Importer(2089858483,b0f066a214c2f5e87bad3c948f4d605d)
Start importing Assets/Blake/Imported Assets/Models/Environment/Walls and Floors/Models/Stone/Door-Stone-Model-02.fbx using Guid(81ecf8888cf4a7d49b85a85bf47cbc1b) Importer(2089858483,b0f066a214c2f5e87bad3c948f4d605d) (ScriptedImporter) -> (artifact id: '5ca5d991479ebe90483408c0fd4e76ce') in 0.0110129 seconds
Number of updated asset objects reloaded before import = 0Number of asset objects unloaded after import = 8

========================================================================
Received Import Request.
  Time since last request: 0.000015 seconds.
  path: Assets/Blake/Imported Assets/Models/Environment/Walls and Floors/Models/Stone/Wall-Stone-Model-08.fbx
  artifactKey: Guid(ade97d4dba32bff4b8ea966c3a421874) Importer(2089858483,b0f066a214c2f5e87bad3c948f4d605d)
Start importing Assets/Blake/Imported Assets/Models/Environment/Walls and Floors/Models/Stone/Wall-Stone-Model-08.fbx using Guid(ade97d4dba32bff4b8ea966c3a421874) Importer(2089858483,b0f066a214c2f5e87bad3c948f4d605d) (ScriptedImporter) -> (artifact id: 'aeb425b5631070aacb02c9e9a5f702bd') in 0.0094348 seconds
Number of updated asset objects reloaded before import = 0Number of asset objects unloaded after import = 8

========================================================================
Received Import Request.
  Time since last request: 0.000015 seconds.
  path: Assets/Blake/Imported Assets/Models/Environment/Walls and Floors/Models/Stone/Floor-Stone-Model-01.fbx
  artifactKey: Guid(f82ce6fd18315eb44ad3a7799a799667) Importer(2089858483,b0f066a214c2f5e87bad3c948f4d605d)
Start importing Assets/Blake/Imported Assets/Models/Environment/Walls and Floors/Models/Stone/Floor-Stone-Model-01.fbx using Guid(f82ce6fd18315eb44ad3a7799a799667) Importer(2089858483,b0f066a214c2f5e87bad3c948f4d605d) (ScriptedImporter) -> (artifact id: '7035d8e10161087f06e18cd1895dc9e2') in 0.0093359 seconds
Number of updated asset objects reloaded before import = 0Number of asset objects unloaded after import = 8

========================================================================
Received Import Request.
  Time since last request: 0.000042 seconds.
  path: Assets/Blake/Imported Assets/Models/Environment/Walls and Floors/Models/Wood/Door-Wood-Model-01.fbx
  artifactKey: Guid(d1fea7d47c8f5144387ec2b290a8d67c) Importer(2089858483,b0f066a214c2f5e87bad3c948f4d605d)
Start importing Assets/Blake/Imported Assets/Models/Environment/Walls and Floors/Models/Wood/Door-Wood-Model-01.fbx using Guid(d1fea7d47c8f5144387ec2b290a8d67c) Importer(2089858483,b0f066a214c2f5e87bad3c948f4d605d) (ScriptedImporter) -> (artifact id: '3e92793cd009fbe4dab1dfa25e4af0a5') in 0.0086606 seconds
Number of updated asset objects reloaded before import = 0Number of asset objects unloaded after import = 8

========================================================================
Received Import Request.
  Time since last request: 0.000013 seconds.
  path: Assets/Blake/Imported Assets/Models/Environment/Walls and Floors/Models/Wood/Corner-Wood-Model-02.fbx
  artifactKey: Guid(748adb5b8f858f6468e2af9362da2150) Importer(2089858483,b0f066a214c2f5e87bad3c948f4d605d)
Start importing Assets/Blake/Imported Assets/Models/Environment/Walls and Floors/Models/Wood/Corner-Wood-Model-02.fbx using Guid(748adb5b8f858f6468e2af9362da2150) Importer(2089858483,b0f066a214c2f5e87bad3c948f4d605d) (ScriptedImporter) -> (artifact id: 'c398a25160d5d0475740f0ed4ce5fe92') in 0.0109359 seconds
Number of updated asset objects reloaded before import = 0Number of asset objects unloaded after import = 8

========================================================================
Received Import Request.
  Time since last request: 0.000014 seconds.
  path: Assets/Blake/Imported Assets/Models/Environment/Walls and Floors/Models/Stone/Wall-Stone-Model-06.fbx
  artifactKey: Guid(6e47fb2c4bc7154499c144b3e215870d) Importer(2089858483,b0f066a214c2f5e87bad3c948f4d605d)
Start importing Assets/Blake/Imported Assets/Models/Environment/Walls and Floors/Models/Stone/Wall-Stone-Model-06.fbx using Guid(6e47fb2c4bc7154499c144b3e215870d) Importer(2089858483,b0f066a214c2f5e87bad3c948f4d605d) (ScriptedImporter) -> (artifact id: 'eeedce6fd9c35a8fe1100b3119ed39e4') in 0.0094138 seconds
Number of updated asset objects reloaded before import = 0Number of asset objects unloaded after import = 8

========================================================================
Received Import Request.
  Time since last request: 0.000022 seconds.
  path: Assets/Blake/Imported Assets/Models/Environment/Walls and Floors/Models/Stone/Wall-Stone-Model-03.fbx
  artifactKey: Guid(94fa54c1e3460ec4daa350800b4d8f53) Importer(2089858483,b0f066a214c2f5e87bad3c948f4d605d)
Start importing Assets/Blake/Imported Assets/Models/Environment/Walls and Floors/Models/Stone/Wall-Stone-Model-03.fbx using Guid(94fa54c1e3460ec4daa350800b4d8f53) Importer(2089858483,b0f066a214c2f5e87bad3c948f4d605d) (ScriptedImporter) -> (artifact id: '744c53e23e46afbe97dfa4a0306d909d') in 0.008671 seconds
Number of updated asset objects reloaded before import = 0Number of asset objects unloaded after import = 8

========================================================================
Received Import Request.
  Time since last request: 0.000016 seconds.
  path: Assets/Blake/Imported Assets/Models/Environment/Walls and Floors/Models/Stone/materials/Corner-Stone-Model-03.png
  artifactKey: Guid(b5b67259540d6bf4b9e825e43b59b410) Importer(2089858483,b0f066a214c2f5e87bad3c948f4d605d)
Start importing Assets/Blake/Imported Assets/Models/Environment/Walls and Floors/Models/Stone/materials/Corner-Stone-Model-03.png using Guid(b5b67259540d6bf4b9e825e43b59b410) Importer(2089858483,b0f066a214c2f5e87bad3c948f4d605d) (ScriptedImporter) -> (artifact id: 'e9178bb6574fb4f9879a1335b8bc82c7') in 0.0074844 seconds
Number of updated asset objects reloaded before import = 0Number of asset objects unloaded after import = 1

========================================================================
Received Import Request.
  Time since last request: 0.000020 seconds.
  path: Assets/Blake/Imported Assets/Models/Environment/Walls and Floors/NOT_Lonely/LionStatue/Scene.unity
  artifactKey: Guid(f28b1a2efec8e594e8c9f47724c309e8) Importer(2089858483,b0f066a214c2f5e87bad3c948f4d605d)
Start importing Assets/Blake/Imported Assets/Models/Environment/Walls and Floors/NOT_Lonely/LionStatue/Scene.unity using Guid(f28b1a2efec8e594e8c9f47724c309e8) Importer(2089858483,b0f066a214c2f5e87bad3c948f4d605d) (ScriptedImporter) -> (artifact id: '258eb1ba115c4606ce677240187c1f0b') in 0.0040966 seconds
Number of updated asset objects reloaded before import = 0Number of asset objects unloaded after import = 1

========================================================================
Received Import Request.
  Time since last request: 0.000012 seconds.
  path: Assets/Blake/Imported Assets/Models/Environment/Walls and Floors/Models/Stone/materials/Corner-Stone-Model-03.mat
  artifactKey: Guid(3f413147f079ccf4f9c492a01b0e39f4) Importer(2089858483,b0f066a214c2f5e87bad3c948f4d605d)
Start importing Assets/Blake/Imported Assets/Models/Environment/Walls and Floors/Models/Stone/materials/Corner-Stone-Model-03.mat using Guid(3f413147f079ccf4f9c492a01b0e39f4) Importer(2089858483,b0f066a214c2f5e87bad3c948f4d605d) (ScriptedImporter) -> (artifact id: 'eff609a9f2941086a0eb0850b3d45e26') in 0.0057331 seconds
Number of updated asset objects reloaded before import = 0Number of asset objects unloaded after import = 2

========================================================================
Received Import Request.
  Time since last request: 0.000013 seconds.
  path: Assets/Blake/Imported Assets/Models/Environment/Walls and Floors/Models/Wood/Wall-Wood-Model-09.fbx
  artifactKey: Guid(3e8a43558db0cac478d4d6d833479cbe) Importer(2089858483,b0f066a214c2f5e87bad3c948f4d605d)
Start importing Assets/Blake/Imported Assets/Models/Environment/Walls and Floors/Models/Wood/Wall-Wood-Model-09.fbx using Guid(3e8a43558db0cac478d4d6d833479cbe) Importer(2089858483,b0f066a214c2f5e87bad3c948f4d605d) (ScriptedImporter) -> (artifact id: 'dc38d6297c25a3e98150df258d69e6d6') in 0.0101322 seconds
Number of updated asset objects reloaded before import = 0Number of asset objects unloaded after import = 8

========================================================================
Received Import Request.
  Time since last request: 0.000016 seconds.
  path: Assets/Blake/Imported Assets/Models/Environment/Walls and Floors/Models/Wood/Wall-Wood-Model-06.fbx
  artifactKey: Guid(0349dbd9ca24d5543b4671a183d08f7d) Importer(2089858483,b0f066a214c2f5e87bad3c948f4d605d)
Start importing Assets/Blake/Imported Assets/Models/Environment/Walls and Floors/Models/Wood/Wall-Wood-Model-06.fbx using Guid(0349dbd9ca24d5543b4671a183d08f7d) Importer(2089858483,b0f066a214c2f5e87bad3c948f4d605d) (ScriptedImporter) -> (artifact id: 'f8704254b1a50e1135529753e449ec77') in 0.0087968 seconds
Number of updated asset objects reloaded before import = 0Number of asset objects unloaded after import = 8

========================================================================
Received Import Request.
  Time since last request: 0.000014 seconds.
  path: Assets/Blake/Imported Assets/Models/Environment/Walls and Floors/NOT_Lonely/LionStatue/SceneSettings.lighting
  artifactKey: Guid(4ff3f10d1c243b347a297e64cfe793df) Importer(2089858483,b0f066a214c2f5e87bad3c948f4d605d)
Start importing Assets/Blake/Imported Assets/Models/Environment/Walls and Floors/NOT_Lonely/LionStatue/SceneSettings.lighting using Guid(4ff3f10d1c243b347a297e64cfe793df) Importer(2089858483,b0f066a214c2f5e87bad3c948f4d605d) (ScriptedImporter)LightingSettings: switching bake backend from 2 to 1.
 -> (artifact id: 'e17c8374f7241893e63e7b5b2f37f77d') in 0.012009 seconds
Number of updated asset objects reloaded before import = 0Number of asset objects unloaded after import = 1

========================================================================
Received Import Request.
  Time since last request: 0.000020 seconds.
  path: Assets/Blake/Imported Assets/Models/Environment/Walls and Floors/Models/Stone/materials/Corner-Stone-Model-04.mat
  artifactKey: Guid(9c1fdc88dd11f204e83af10d0d8bf680) Importer(2089858483,b0f066a214c2f5e87bad3c948f4d605d)
Start importing Assets/Blake/Imported Assets/Models/Environment/Walls and Floors/Models/Stone/materials/Corner-Stone-Model-04.mat using Guid(9c1fdc88dd11f204e83af10d0d8bf680) Importer(2089858483,b0f066a214c2f5e87bad3c948f4d605d) (ScriptedImporter) -> (artifact id: 'eac6893a68cbbde125c20eaaddf9d738') in 0.0058945 seconds
Number of updated asset objects reloaded before import = 0Number of asset objects unloaded after import = 2

========================================================================
Received Import Request.
  Time since last request: 0.000028 seconds.
  path: Assets/Blake/Imported Assets/Models/Environment/Walls and Floors/Models/Wood/Wall-Wood-Model-03.fbx
  artifactKey: Guid(e1ff90def9a530248ab22c3a085eac63) Importer(2089858483,b0f066a214c2f5e87bad3c948f4d605d)
Start importing Assets/Blake/Imported Assets/Models/Environment/Walls and Floors/Models/Wood/Wall-Wood-Model-03.fbx using Guid(e1ff90def9a530248ab22c3a085eac63) Importer(2089858483,b0f066a214c2f5e87bad3c948f4d605d) (ScriptedImporter) -> (artifact id: 'b9c052751b161ddf9d6f8d66ed7b565a') in 0.0097339 seconds
Number of updated asset objects reloaded before import = 0Number of asset objects unloaded after import = 8

========================================================================
Received Import Request.
  Time since last request: 0.000014 seconds.
  path: Assets/Blake/Imported Assets/Models/Environment/Walls and Floors/Models/Wood/Wall-Wood-Model-12.fbx
  artifactKey: Guid(27700bb08d98ab745b6b95ce72196aa6) Importer(2089858483,b0f066a214c2f5e87bad3c948f4d605d)
Start importing Assets/Blake/Imported Assets/Models/Environment/Walls and Floors/Models/Wood/Wall-Wood-Model-12.fbx using Guid(27700bb08d98ab745b6b95ce72196aa6) Importer(2089858483,b0f066a214c2f5e87bad3c948f4d605d) (ScriptedImporter) -> (artifact id: 'eb950c50b57f26b522d1ecf3aa20b5f7') in 0.0086481 seconds
Number of updated asset objects reloaded before import = 0Number of asset objects unloaded after import = 8

========================================================================
Received Import Request.
  Time since last request: 0.000029 seconds.
  path: Assets/Blake/Imported Assets/Models/Environment/Walls and Floors/Models/Stone/materials/Floor-Stone-Model-03.png
  artifactKey: Guid(890066c6fee80104a8e1dd4cbffdb746) Importer(2089858483,b0f066a214c2f5e87bad3c948f4d605d)
Start importing Assets/Blake/Imported Assets/Models/Environment/Walls and Floors/Models/Stone/materials/Floor-Stone-Model-03.png using Guid(890066c6fee80104a8e1dd4cbffdb746) Importer(2089858483,b0f066a214c2f5e87bad3c948f4d605d) (ScriptedImporter) -> (artifact id: 'bebca6fe762a3fe4359af412bab1deaf') in 0.0075708 seconds
Number of updated asset objects reloaded before import = 0Number of asset objects unloaded after import = 1

========================================================================
Received Import Request.
  Time since last request: 0.000014 seconds.
  path: Assets/Blake/Imported Assets/Models/Environment/Walls and Floors/Models/Stone/materials/Wall-Stone-Model-02.png
  artifactKey: Guid(e97b3d3aca7226f4ca436e792a53f4b1) Importer(2089858483,b0f066a214c2f5e87bad3c948f4d605d)
Start importing Assets/Blake/Imported Assets/Models/Environment/Walls and Floors/Models/Stone/materials/Wall-Stone-Model-02.png using Guid(e97b3d3aca7226f4ca436e792a53f4b1) Importer(2089858483,b0f066a214c2f5e87bad3c948f4d605d) (ScriptedImporter) -> (artifact id: '0e146920b5fd32f5e7800d92d9d7c18b') in 0.0074811 seconds
Number of updated asset objects reloaded before import = 0Number of asset objects unloaded after import = 1

========================================================================
Received Import Request.
  Time since last request: 0.000020 seconds.
  path: Assets/Blake/Imported Assets/Models/Environment/Walls and Floors/Models/Stone/materials/Floor-Stone-Model-04.png
  artifactKey: Guid(19fa909af79051c45bc53491eb301c34) Importer(2089858483,b0f066a214c2f5e87bad3c948f4d605d)
Start importing Assets/Blake/Imported Assets/Models/Environment/Walls and Floors/Models/Stone/materials/Floor-Stone-Model-04.png using Guid(19fa909af79051c45bc53491eb301c34) Importer(2089858483,b0f066a214c2f5e87bad3c948f4d605d) (ScriptedImporter) -> (artifact id: 'da91b52e49d4c112c6579f0ec202f52c') in 0.0076251 seconds
Number of updated asset objects reloaded before import = 0Number of asset objects unloaded after import = 1

========================================================================
Received Import Request.
  Time since last request: 0.000012 seconds.
  path: Assets/Blake/Imported Assets/Models/Environment/Walls and Floors/Models/Stone/materials/Wall-Stone-Model-02.mat
  artifactKey: Guid(2bac18ecbe07be6478b5a06a0bd36a15) Importer(2089858483,b0f066a214c2f5e87bad3c948f4d605d)
Start importing Assets/Blake/Imported Assets/Models/Environment/Walls and Floors/Models/Stone/materials/Wall-Stone-Model-02.mat using Guid(2bac18ecbe07be6478b5a06a0bd36a15) Importer(2089858483,b0f066a214c2f5e87bad3c948f4d605d) (ScriptedImporter) -> (artifact id: '9a531edfd4308e53cf8b13ed26860fa4') in 0.007192 seconds
Number of updated asset objects reloaded before import = 0Number of asset objects unloaded after import = 2

========================================================================
Received Import Request.
  Time since last request: 0.000015 seconds.
  path: Assets/Blake/Imported Assets/Models/Environment/Walls and Floors/Models/Stone/materials/Floor-Stone-Model-02.mat
  artifactKey: Guid(5ef5271cc1e75574995ddec7d0186fc6) Importer(2089858483,b0f066a214c2f5e87bad3c948f4d605d)
Start importing Assets/Blake/Imported Assets/Models/Environment/Walls and Floors/Models/Stone/materials/Floor-Stone-Model-02.mat using Guid(5ef5271cc1e75574995ddec7d0186fc6) Importer(2089858483,b0f066a214c2f5e87bad3c948f4d605d) (ScriptedImporter) -> (artifact id: '6e3574d3696164c453c2c95393cd4b3f') in 0.0060558 seconds
Number of updated asset objects reloaded before import = 0Number of asset objects unloaded after import = 2

========================================================================
Received Import Request.
  Time since last request: 0.000014 seconds.
  path: Assets/Blake/Imported Assets/Models/Environment/Walls and Floors/Models/Stone/materials/Wall-Stone-Model-04.mat
  artifactKey: Guid(5d66cb4cf0d5ab54e8364c3f49894d76) Importer(2089858483,b0f066a214c2f5e87bad3c948f4d605d)
Start importing Assets/Blake/Imported Assets/Models/Environment/Walls and Floors/Models/Stone/materials/Wall-Stone-Model-04.mat using Guid(5d66cb4cf0d5ab54e8364c3f49894d76) Importer(2089858483,b0f066a214c2f5e87bad3c948f4d605d) (ScriptedImporter) -> (artifact id: '060c542a3de5d55883934b5aef305c97') in 0.0065295 seconds
Number of updated asset objects reloaded before import = 0Number of asset objects unloaded after import = 2

========================================================================
Received Import Request.
  Time since last request: 0.000017 seconds.
  path: Assets/Blake/Imported Assets/Models/Environment/Walls and Floors/Models/Stone/materials/Wall-Stone-Model-03.png
  artifactKey: Guid(ce1573c7ae88f1743a2e76e73e14c534) Importer(2089858483,b0f066a214c2f5e87bad3c948f4d605d)
Start importing Assets/Blake/Imported Assets/Models/Environment/Walls and Floors/Models/Stone/materials/Wall-Stone-Model-03.png using Guid(ce1573c7ae88f1743a2e76e73e14c534) Importer(2089858483,b0f066a214c2f5e87bad3c948f4d605d) (ScriptedImporter) -> (artifact id: '1f1f4fbae796b02ec56318f74c3857a0') in 0.0073396 seconds
Number of updated asset objects reloaded before import = 0Number of asset objects unloaded after import = 1

========================================================================
Received Import Request.
  Time since last request: 0.000020 seconds.
  path: Assets/Blake/Imported Assets/Models/Environment/Walls and Floors/Models/Stone/materials/Wall-Stone-Model-07.mat
  artifactKey: Guid(4428709e021064748a4ade09197d9609) Importer(2089858483,b0f066a214c2f5e87bad3c948f4d605d)
Start importing Assets/Blake/Imported Assets/Models/Environment/Walls and Floors/Models/Stone/materials/Wall-Stone-Model-07.mat using Guid(4428709e021064748a4ade09197d9609) Importer(2089858483,b0f066a214c2f5e87bad3c948f4d605d) (ScriptedImporter) -> (artifact id: '7be1e11046b0b016dbf0bbff6c1a6840') in 0.0057963 seconds
Number of updated asset objects reloaded before import = 0Number of asset objects unloaded after import = 2

========================================================================
Received Import Request.
  Time since last request: 0.000018 seconds.
  path: Assets/Blake/Imported Assets/Models/Environment/Walls and Floors/Models/Stone/materials/Wall-Stone-Model-01.png
  artifactKey: Guid(1062c851ac463864a975a31507fa79b2) Importer(2089858483,b0f066a214c2f5e87bad3c948f4d605d)
Start importing Assets/Blake/Imported Assets/Models/Environment/Walls and Floors/Models/Stone/materials/Wall-Stone-Model-01.png using Guid(1062c851ac463864a975a31507fa79b2) Importer(2089858483,b0f066a214c2f5e87bad3c948f4d605d) (ScriptedImporter) -> (artifact id: '4f666a7b4e0120724a16d448d676d722') in 0.0074137 seconds
Number of updated asset objects reloaded before import = 0Number of asset objects unloaded after import = 1

========================================================================
Received Import Request.
  Time since last request: 0.000012 seconds.
  path: Assets/Blake/Imported Assets/Models/Environment/Walls and Floors/Models/Stone/Floor-Stone-Model-03.fbx
  artifactKey: Guid(03cbc850a19aa0345b9554d1c90faa78) Importer(2089858483,b0f066a214c2f5e87bad3c948f4d605d)
Start importing Assets/Blake/Imported Assets/Models/Environment/Walls and Floors/Models/Stone/Floor-Stone-Model-03.fbx using Guid(03cbc850a19aa0345b9554d1c90faa78) Importer(2089858483,b0f066a214c2f5e87bad3c948f4d605d) (ScriptedImporter) -> (artifact id: '7d8f8e470f1592f11d0939325c948fcc') in 0.0088777 seconds
Number of updated asset objects reloaded before import = 0Number of asset objects unloaded after import = 8

========================================================================
Received Import Request.
  Time since last request: 0.000013 seconds.
  path: Assets/Blake/Imported Assets/Models/Environment/Walls and Floors/Models/Wood/materials/Corner-Wood-Model-03.mat
  artifactKey: Guid(024ec65dc7d742e4d87f866c034ff810) Importer(2089858483,b0f066a214c2f5e87bad3c948f4d605d)
Start importing Assets/Blake/Imported Assets/Models/Environment/Walls and Floors/Models/Wood/materials/Corner-Wood-Model-03.mat using Guid(024ec65dc7d742e4d87f866c034ff810) Importer(2089858483,b0f066a214c2f5e87bad3c948f4d605d) (ScriptedImporter) -> (artifact id: '20730e02f6db765da320a52447f2737d') in 0.0064583 seconds
Number of updated asset objects reloaded before import = 0Number of asset objects unloaded after import = 2

========================================================================
Received Import Request.
  Time since last request: 0.000017 seconds.
  path: Assets/Blake/Imported Assets/Models/Environment/Walls and Floors/Models/Wood/materials/Corner-Wood-Model-01.png
  artifactKey: Guid(9deb3ae92156f7b4995f914f483a06e8) Importer(2089858483,b0f066a214c2f5e87bad3c948f4d605d)
Start importing Assets/Blake/Imported Assets/Models/Environment/Walls and Floors/Models/Wood/materials/Corner-Wood-Model-01.png using Guid(9deb3ae92156f7b4995f914f483a06e8) Importer(2089858483,b0f066a214c2f5e87bad3c948f4d605d) (ScriptedImporter) -> (artifact id: '55e33bd8226858947559f598b8219f61') in 0.0093978 seconds
Number of updated asset objects reloaded before import = 0Number of asset objects unloaded after import = 1

========================================================================
Received Import Request.
  Time since last request: 0.000020 seconds.
  path: Assets/Blake/Imported Assets/Models/Environment/Walls and Floors/Models/Wood/materials/Door-Wood-Model-02.png
  artifactKey: Guid(605b52fe3aa7e4f4e88e7e23f776d940) Importer(2089858483,b0f066a214c2f5e87bad3c948f4d605d)
Start importing Assets/Blake/Imported Assets/Models/Environment/Walls and Floors/Models/Wood/materials/Door-Wood-Model-02.png using Guid(605b52fe3aa7e4f4e88e7e23f776d940) Importer(2089858483,b0f066a214c2f5e87bad3c948f4d605d) (ScriptedImporter) -> (artifact id: 'bae255dfaf3f947f0907ff40f733ca40') in 0.0074235 seconds
Number of updated asset objects reloaded before import = 0Number of asset objects unloaded after import = 1

========================================================================
Received Import Request.
  Time since last request: 0.000013 seconds.
  path: Assets/Blake/Imported Assets/Models/Environment/Walls and Floors/Models/Wood/materials/Corner-Wood-Model-04.png
  artifactKey: Guid(9de0e56a53043984da41f0e4271bdf85) Importer(2089858483,b0f066a214c2f5e87bad3c948f4d605d)
Start importing Assets/Blake/Imported Assets/Models/Environment/Walls and Floors/Models/Wood/materials/Corner-Wood-Model-04.png using Guid(9de0e56a53043984da41f0e4271bdf85) Importer(2089858483,b0f066a214c2f5e87bad3c948f4d605d) (ScriptedImporter) -> (artifact id: 'bb236bfea932a23717b1a444d40689c7') in 0.0072612 seconds
Number of updated asset objects reloaded before import = 0Number of asset objects unloaded after import = 1

========================================================================
Received Import Request.
  Time since last request: 0.000012 seconds.
  path: Assets/Blake/Imported Assets/Models/Environment/Walls and Floors/Models/Stone/materials/Wall-Stone-Model-09.mat
  artifactKey: Guid(f7a8c1022c77fff4790e0d707ccd91cb) Importer(2089858483,b0f066a214c2f5e87bad3c948f4d605d)
Start importing Assets/Blake/Imported Assets/Models/Environment/Walls and Floors/Models/Stone/materials/Wall-Stone-Model-09.mat using Guid(f7a8c1022c77fff4790e0d707ccd91cb) Importer(2089858483,b0f066a214c2f5e87bad3c948f4d605d) (ScriptedImporter) -> (artifact id: '9c9ce13dd11362b81a643baaac9ec32f') in 0.0062614 seconds
Number of updated asset objects reloaded before import = 0Number of asset objects unloaded after import = 2

========================================================================
Received Import Request.
  Time since last request: 0.000029 seconds.
  path: Assets/Blake/Imported Assets/Models/Environment/Walls and Floors/Models/Wood/materials/Floor-Wood-Model-02.mat
  artifactKey: Guid(b36f28aa57c7300419c58f3720d00952) Importer(2089858483,b0f066a214c2f5e87bad3c948f4d605d)
Start importing Assets/Blake/Imported Assets/Models/Environment/Walls and Floors/Models/Wood/materials/Floor-Wood-Model-02.mat using Guid(b36f28aa57c7300419c58f3720d00952) Importer(2089858483,b0f066a214c2f5e87bad3c948f4d605d) (ScriptedImporter) -> (artifact id: 'ad66e7d3e7ff49ea6076be4d46cd9d43') in 0.0059809 seconds
Number of updated asset objects reloaded before import = 0Number of asset objects unloaded after import = 2

========================================================================
Received Import Request.
  Time since last request: 0.000016 seconds.
  path: Assets/Blake/Imported Assets/Models/Environment/Walls and Floors/Models/Stone/materials/Wall-Stone-Model-10.mat
  artifactKey: Guid(84adbdab398f5774c91098d795c84d1a) Importer(2089858483,b0f066a214c2f5e87bad3c948f4d605d)
Start importing Assets/Blake/Imported Assets/Models/Environment/Walls and Floors/Models/Stone/materials/Wall-Stone-Model-10.mat using Guid(84adbdab398f5774c91098d795c84d1a) Importer(2089858483,b0f066a214c2f5e87bad3c948f4d605d) (ScriptedImporter) -> (artifact id: 'bfa9ef88e548dcad634dc899a4c61fe1') in 0.0055647 seconds
Number of updated asset objects reloaded before import = 0Number of asset objects unloaded after import = 2

========================================================================
Received Import Request.
  Time since last request: 0.000029 seconds.
  path: Assets/Blake/Imported Assets/Models/Environment/Walls and Floors/Models/Stone/materials/Wall-Stone-Model-08.png
  artifactKey: Guid(6c463b2c91c1e2c47b18f0c6196fa837) Importer(2089858483,b0f066a214c2f5e87bad3c948f4d605d)
Start importing Assets/Blake/Imported Assets/Models/Environment/Walls and Floors/Models/Stone/materials/Wall-Stone-Model-08.png using Guid(6c463b2c91c1e2c47b18f0c6196fa837) Importer(2089858483,b0f066a214c2f5e87bad3c948f4d605d) (ScriptedImporter) -> (artifact id: '41b73bc954e98aaa6467976988f7750f') in 0.0072496 seconds
Number of updated asset objects reloaded before import = 0Number of asset objects unloaded after import = 1

========================================================================
Received Import Request.
  Time since last request: 0.000012 seconds.
  path: Assets/Blake/Imported Assets/Models/Environment/Walls and Floors/Models/Wood/materials/Door-Wood-Model-03.mat
  artifactKey: Guid(1ffecb36c5f325d4289432ab17cc12ae) Importer(2089858483,b0f066a214c2f5e87bad3c948f4d605d)
Start importing Assets/Blake/Imported Assets/Models/Environment/Walls and Floors/Models/Wood/materials/Door-Wood-Model-03.mat using Guid(1ffecb36c5f325d4289432ab17cc12ae) Importer(2089858483,b0f066a214c2f5e87bad3c948f4d605d) (ScriptedImporter) -> (artifact id: 'a37723075c9a979d5ab5b5ed5e9d939b') in 0.0074145 seconds
Number of updated asset objects reloaded before import = 0Number of asset objects unloaded after import = 2

========================================================================
Received Import Request.
  Time since last request: 0.000016 seconds.
  path: Assets/Blake/Imported Assets/Models/Environment/Walls and Floors/Models/Wood/materials/Wall-Wood-Model-04.png
  artifactKey: Guid(35e570733089da449b0108e0a643df02) Importer(2089858483,b0f066a214c2f5e87bad3c948f4d605d)
Start importing Assets/Blake/Imported Assets/Models/Environment/Walls and Floors/Models/Wood/materials/Wall-Wood-Model-04.png using Guid(35e570733089da449b0108e0a643df02) Importer(2089858483,b0f066a214c2f5e87bad3c948f4d605d) (ScriptedImporter) -> (artifact id: '383a082dd9be14aaa817010bbd794e3e') in 0.0074981 seconds
Number of updated asset objects reloaded before import = 0Number of asset objects unloaded after import = 1

========================================================================
Received Import Request.
  Time since last request: 0.000013 seconds.
  path: Assets/Blake/Imported Assets/Models/Environment/Walls and Floors/Models/Wood/materials/Wall-Wood-Model-10.mat
  artifactKey: Guid(e7e59c9c966c6ba418317867239d89de) Importer(2089858483,b0f066a214c2f5e87bad3c948f4d605d)
Start importing Assets/Blake/Imported Assets/Models/Environment/Walls and Floors/Models/Wood/materials/Wall-Wood-Model-10.mat using Guid(e7e59c9c966c6ba418317867239d89de) Importer(2089858483,b0f066a214c2f5e87bad3c948f4d605d) (ScriptedImporter) -> (artifact id: '567b2d5080a0cd3a3e50cb788bfa0858') in 0.005648 seconds
Number of updated asset objects reloaded before import = 0Number of asset objects unloaded after import = 2

========================================================================
Received Import Request.
  Time since last request: 0.000015 seconds.
  path: Assets/Blake/Imported Assets/Models/Environment/Walls and Floors/Models/Wood/materials/Wall-Wood-Model-10.png
  artifactKey: Guid(73a539225e2e1334e8032e8f43a49314) Importer(2089858483,b0f066a214c2f5e87bad3c948f4d605d)
Start importing Assets/Blake/Imported Assets/Models/Environment/Walls and Floors/Models/Wood/materials/Wall-Wood-Model-10.png using Guid(73a539225e2e1334e8032e8f43a49314) Importer(2089858483,b0f066a214c2f5e87bad3c948f4d605d) (ScriptedImporter) -> (artifact id: '0dcd5cce5f0f25e08fc81c4896d6ea90') in 0.0075028 seconds
Number of updated asset objects reloaded before import = 0Number of asset objects unloaded after import = 1

========================================================================
Received Import Request.
  Time since last request: 0.000023 seconds.
  path: Assets/Blake/Imported Assets/Models/Environment/Walls and Floors/Models/Wood/materials/Wall-Wood-Model-12.png
  artifactKey: Guid(bb57af78a7925424f8995714df58e71e) Importer(2089858483,b0f066a214c2f5e87bad3c948f4d605d)
Start importing Assets/Blake/Imported Assets/Models/Environment/Walls and Floors/Models/Wood/materials/Wall-Wood-Model-12.png using Guid(bb57af78a7925424f8995714df58e71e) Importer(2089858483,b0f066a214c2f5e87bad3c948f4d605d) (ScriptedImporter) -> (artifact id: '070523fbbf35c134112c4ba51e1ce49e') in 0.0074924 seconds
Number of updated asset objects reloaded before import = 0Number of asset objects unloaded after import = 1

========================================================================
Received Import Request.
  Time since last request: 0.000014 seconds.
  path: Assets/Blake/Imported Assets/Models/Environment/Walls and Floors/Models/Wood/materials/Wall-Wood-Model-04.mat
  artifactKey: Guid(566b1898345837d41a837826ac8f61d3) Importer(2089858483,b0f066a214c2f5e87bad3c948f4d605d)
Start importing Assets/Blake/Imported Assets/Models/Environment/Walls and Floors/Models/Wood/materials/Wall-Wood-Model-04.mat using Guid(566b1898345837d41a837826ac8f61d3) Importer(2089858483,b0f066a214c2f5e87bad3c948f4d605d) (ScriptedImporter) -> (artifact id: '9779d98b8deea63f1eaebf4f7ddb003f') in 0.0057538 seconds
Number of updated asset objects reloaded before import = 0Number of asset objects unloaded after import = 2

========================================================================
Received Import Request.
  Time since last request: 0.000014 seconds.
  path: Assets/Blake/Imported Assets/Models/Environment/Walls and Floors/NOT_Lonely/LionStatue/ModelAndTextures/LionStatue.FBX
  artifactKey: Guid(09d7480794017b24bb74b50fc337a3e7) Importer(2089858483,b0f066a214c2f5e87bad3c948f4d605d)
Start importing Assets/Blake/Imported Assets/Models/Environment/Walls and Floors/NOT_Lonely/LionStatue/ModelAndTextures/LionStatue.FBX using Guid(09d7480794017b24bb74b50fc337a3e7) Importer(2089858483,b0f066a214c2f5e87bad3c948f4d605d) (ScriptedImporter) -> (artifact id: 'c56bb68400a7a6e835a6c34fca1f1d5e') in 0.0094548 seconds
Number of updated asset objects reloaded before import = 0Number of asset objects unloaded after import = 8

========================================================================
Received Import Request.
  Time since last request: 0.000014 seconds.
  path: Assets/Blake/Imported Assets/Models/Environment/Walls and Floors/Models/Wood/materials/Wall-Wood-Model-07.mat
  artifactKey: Guid(ac519ce1f0b9273469231f091560a86a) Importer(2089858483,b0f066a214c2f5e87bad3c948f4d605d)
Start importing Assets/Blake/Imported Assets/Models/Environment/Walls and Floors/Models/Wood/materials/Wall-Wood-Model-07.mat using Guid(ac519ce1f0b9273469231f091560a86a) Importer(2089858483,b0f066a214c2f5e87bad3c948f4d605d) (ScriptedImporter) -> (artifact id: '4592adab9190f43bd940dcece898c7b5') in 0.0059573 seconds
Number of updated asset objects reloaded before import = 0Number of asset objects unloaded after import = 2

========================================================================
Received Import Request.
  Time since last request: 0.000017 seconds.
  path: Assets/Blake/Imported Assets/Models/Environment/Walls and Floors/Models/Wood/materials/Wall-Wood-Model-11.mat
  artifactKey: Guid(d045384b4238cf64a90f3daefdacdff2) Importer(2089858483,b0f066a214c2f5e87bad3c948f4d605d)
Start importing Assets/Blake/Imported Assets/Models/Environment/Walls and Floors/Models/Wood/materials/Wall-Wood-Model-11.mat using Guid(d045384b4238cf64a90f3daefdacdff2) Importer(2089858483,b0f066a214c2f5e87bad3c948f4d605d) (ScriptedImporter) -> (artifact id: '171113417909f1b81af72f4d94b6aecb') in 0.0073416 seconds
Number of updated asset objects reloaded before import = 0Number of asset objects unloaded after import = 2

========================================================================
Received Import Request.
  Time since last request: 0.000026 seconds.
  path: Assets/Blake/Imported Assets/Models/Environment/Walls and Floors/Models/Wood/materials/Wall-Wood-Model-07.png
  artifactKey: Guid(873c5c5ed605db24690f89923871b86e) Importer(2089858483,b0f066a214c2f5e87bad3c948f4d605d)
Start importing Assets/Blake/Imported Assets/Models/Environment/Walls and Floors/Models/Wood/materials/Wall-Wood-Model-07.png using Guid(873c5c5ed605db24690f89923871b86e) Importer(2089858483,b0f066a214c2f5e87bad3c948f4d605d) (ScriptedImporter) -> (artifact id: '4125fc49d69f62d0c15032815692933e') in 0.0076337 seconds
Number of updated asset objects reloaded before import = 0Number of asset objects unloaded after import = 1

========================================================================
Received Import Request.
  Time since last request: 0.000016 seconds.
  path: Assets/Blake/Imported Assets/Models/Environment/Walls and Floors/Prefabs/Stone/Walls/Wall-Stone (5).prefab
  artifactKey: Guid(25b1fa3957978c8458406dc7cd54fdf8) Importer(2089858483,b0f066a214c2f5e87bad3c948f4d605d)
Start importing Assets/Blake/Imported Assets/Models/Environment/Walls and Floors/Prefabs/Stone/Walls/Wall-Stone (5).prefab using Guid(25b1fa3957978c8458406dc7cd54fdf8) Importer(2089858483,b0f066a214c2f5e87bad3c948f4d605d) (ScriptedImporter) -> (artifact id: 'fb89a304aa6582b06e3e48dca2d49a6b') in 0.0078219 seconds
Number of updated asset objects reloaded before import = 0Number of asset objects unloaded after import = 9

========================================================================
Received Import Request.
  Time since last request: 0.000013 seconds.
  path: Assets/Blake/Imported Assets/Models/Environment/Walls and Floors/Prefabs/Stone/Doors/Door-Stone (2).prefab
  artifactKey: Guid(3b752154f36e7c04bb01888b707b959e) Importer(2089858483,b0f066a214c2f5e87bad3c948f4d605d)
Start importing Assets/Blake/Imported Assets/Models/Environment/Walls and Floors/Prefabs/Stone/Doors/Door-Stone (2).prefab using Guid(3b752154f36e7c04bb01888b707b959e) Importer(2089858483,b0f066a214c2f5e87bad3c948f4d605d) (ScriptedImporter) -> (artifact id: 'cfb10f5c64ce41cd40644d437fbccfb7') in 0.0077681 seconds
Number of updated asset objects reloaded before import = 0Number of asset objects unloaded after import = 11

========================================================================
Received Import Request.
  Time since last request: 0.000013 seconds.
  path: Assets/Blake/Imported Assets/Models/Environment/Walls and Floors/Prefabs/Stone/Walls/Wall-Stone (12).prefab
  artifactKey: Guid(a32c0d64e9a7a3844b9595b73654df6d) Importer(2089858483,b0f066a214c2f5e87bad3c948f4d605d)
Start importing Assets/Blake/Imported Assets/Models/Environment/Walls and Floors/Prefabs/Stone/Walls/Wall-Stone (12).prefab using Guid(a32c0d64e9a7a3844b9595b73654df6d) Importer(2089858483,b0f066a214c2f5e87bad3c948f4d605d) (ScriptedImporter) -> (artifact id: 'ebca08041dc7fd35429021e01609a0dd') in 0.0078696 seconds
Number of updated asset objects reloaded before import = 0Number of asset objects unloaded after import = 9

========================================================================
Received Import Request.
  Time since last request: 0.000015 seconds.
  path: Assets/Blake/Imported Assets/Models/Environment/Walls and Floors/Prefabs/Stone/Walls/Wall-Stone (10).prefab
  artifactKey: Guid(011b6cd529bfaf543ad52857ad90de05) Importer(2089858483,b0f066a214c2f5e87bad3c948f4d605d)
Start importing Assets/Blake/Imported Assets/Models/Environment/Walls and Floors/Prefabs/Stone/Walls/Wall-Stone (10).prefab using Guid(011b6cd529bfaf543ad52857ad90de05) Importer(2089858483,b0f066a214c2f5e87bad3c948f4d605d) (ScriptedImporter) -> (artifact id: 'bae0171c93f06f12a244f7308899433e') in 0.0072751 seconds
Number of updated asset objects reloaded before import = 0Number of asset objects unloaded after import = 9

========================================================================
Received Import Request.
  Time since last request: 0.000022 seconds.
  path: Assets/Blake/Imported Assets/Models/Environment/Walls and Floors/Prefabs/Stone/Doors/Door-Stone (1).prefab
  artifactKey: Guid(3026cfe035107be4eb17b0ed93596957) Importer(2089858483,b0f066a214c2f5e87bad3c948f4d605d)
Start importing Assets/Blake/Imported Assets/Models/Environment/Walls and Floors/Prefabs/Stone/Doors/Door-Stone (1).prefab using Guid(3026cfe035107be4eb17b0ed93596957) Importer(2089858483,b0f066a214c2f5e87bad3c948f4d605d) (ScriptedImporter) -> (artifact id: '5a7eb9be51ab140c6c5ad77d8469f4cc') in 0.0078026 seconds
Number of updated asset objects reloaded before import = 0Number of asset objects unloaded after import = 11

========================================================================
Received Import Request.
  Time since last request: 0.000015 seconds.
  path: Assets/Blake/Imported Assets/Models/Environment/Walls and Floors/Prefabs/Stone/Walls/Wall-Stone (8).prefab
  artifactKey: Guid(85436259a02f98b46a04c868d4cfd2af) Importer(2089858483,b0f066a214c2f5e87bad3c948f4d605d)
Start importing Assets/Blake/Imported Assets/Models/Environment/Walls and Floors/Prefabs/Stone/Walls/Wall-Stone (8).prefab using Guid(85436259a02f98b46a04c868d4cfd2af) Importer(2089858483,b0f066a214c2f5e87bad3c948f4d605d) (ScriptedImporter) -> (artifact id: '5c5c99cfa44f01a1956f091fdd585d02') in 0.0084296 seconds
Number of updated asset objects reloaded before import = 0Number of asset objects unloaded after import = 9

========================================================================
Received Import Request.
  Time since last request: 0.000015 seconds.
  path: Assets/Blake/Imported Assets/Models/Environment/Walls and Floors/Prefabs/Wood/Corners/Corner-Wood (2).prefab
  artifactKey: Guid(829a76e0ebbd48f449f45c6765f027f8) Importer(2089858483,b0f066a214c2f5e87bad3c948f4d605d)
Start importing Assets/Blake/Imported Assets/Models/Environment/Walls and Floors/Prefabs/Wood/Corners/Corner-Wood (2).prefab using Guid(829a76e0ebbd48f449f45c6765f027f8) Importer(2089858483,b0f066a214c2f5e87bad3c948f4d605d) (ScriptedImporter) -> (artifact id: '402009cd9bd55dfae6166b52981ef6ea') in 0.0089499 seconds
Number of updated asset objects reloaded before import = 0Number of asset objects unloaded after import = 9

========================================================================
Received Import Request.
  Time since last request: 0.000014 seconds.
  path: Assets/Blake/Imported Assets/Models/Environment/Walls and Floors/Prefabs/Stone/Corners/Corner-Stone (4).prefab
  artifactKey: Guid(dce4ab95edbbb124a827dc1c3c09ead5) Importer(2089858483,b0f066a214c2f5e87bad3c948f4d605d)
Start importing Assets/Blake/Imported Assets/Models/Environment/Walls and Floors/Prefabs/Stone/Corners/Corner-Stone (4).prefab using Guid(dce4ab95edbbb124a827dc1c3c09ead5) Importer(2089858483,b0f066a214c2f5e87bad3c948f4d605d) (ScriptedImporter) -> (artifact id: '195aa74c99e6844381d2aa8ec73c21c8') in 0.00764 seconds
Number of updated asset objects reloaded before import = 0Number of asset objects unloaded after import = 9

========================================================================
Received Import Request.
  Time since last request: 0.000015 seconds.
  path: Assets/Blake/Imported Assets/Models/Environment/Walls and Floors/Prefabs/Stone/Corners/Corner-Stone (1).prefab
  artifactKey: Guid(5ad9ed5263f46ab4dbf19b48295add63) Importer(2089858483,b0f066a214c2f5e87bad3c948f4d605d)
Start importing Assets/Blake/Imported Assets/Models/Environment/Walls and Floors/Prefabs/Stone/Corners/Corner-Stone (1).prefab using Guid(5ad9ed5263f46ab4dbf19b48295add63) Importer(2089858483,b0f066a214c2f5e87bad3c948f4d605d) (ScriptedImporter) -> (artifact id: '5e3a52fd7f2839d3b06cc006964d0c07') in 0.010028 seconds
Number of updated asset objects reloaded before import = 0Number of asset objects unloaded after import = 9

========================================================================
Received Import Request.
  Time since last request: 0.000021 seconds.
  path: Assets/Blake/Imported Assets/Models/Environment/Walls and Floors/Prefabs/Wood/Walls/Wall-Wood (9).prefab
  artifactKey: Guid(05a0229e5b930744683bf9e247f3e363) Importer(2089858483,b0f066a214c2f5e87bad3c948f4d605d)
Start importing Assets/Blake/Imported Assets/Models/Environment/Walls and Floors/Prefabs/Wood/Walls/Wall-Wood (9).prefab using Guid(05a0229e5b930744683bf9e247f3e363) Importer(2089858483,b0f066a214c2f5e87bad3c948f4d605d) (ScriptedImporter) -> (artifact id: 'b57d62460652c6074bbcfe3b7eaecaea') in 0.0076026 seconds
Number of updated asset objects reloaded before import = 0Number of asset objects unloaded after import = 9

========================================================================
Received Import Request.
  Time since last request: 0.000012 seconds.
  path: Assets/Blake/Imported Assets/Models/Environment/Walls and Floors/Prefabs/Wood/Floors/Floor-Wood (2).prefab
  artifactKey: Guid(b5bbd85c42f75ab4e88a9575bc5b5040) Importer(2089858483,b0f066a214c2f5e87bad3c948f4d605d)
Start importing Assets/Blake/Imported Assets/Models/Environment/Walls and Floors/Prefabs/Wood/Floors/Floor-Wood (2).prefab using Guid(b5bbd85c42f75ab4e88a9575bc5b5040) Importer(2089858483,b0f066a214c2f5e87bad3c948f4d605d) (ScriptedImporter) -> (artifact id: '0ad26e698df945ac25e336fee90965c4') in 0.0079251 seconds
Number of updated asset objects reloaded before import = 0Number of asset objects unloaded after import = 9

========================================================================
Received Import Request.
  Time since last request: 0.000015 seconds.
  path: Assets/Blake/Imported Assets/Models/Environment/Walls and Floors/Prefabs/Wood/Walls/Wall-Wood (11).prefab
  artifactKey: Guid(cd2d9b8d851255a4998f9cab44e6d514) Importer(2089858483,b0f066a214c2f5e87bad3c948f4d605d)
Start importing Assets/Blake/Imported Assets/Models/Environment/Walls and Floors/Prefabs/Wood/Walls/Wall-Wood (11).prefab using Guid(cd2d9b8d851255a4998f9cab44e6d514) Importer(2089858483,b0f066a214c2f5e87bad3c948f4d605d) (ScriptedImporter) -> (artifact id: '1bade3604e2e5f21bcbb97e594b5b3dc') in 0.0082787 seconds
Number of updated asset objects reloaded before import = 0Number of asset objects unloaded after import = 9

========================================================================
Received Import Request.
  Time since last request: 0.000014 seconds.
  path: Assets/Blake/Imported Assets/Models/Environment/Walls and Floors/Prefabs/Wood/Floors/Floor-Wood (1).prefab
  artifactKey: Guid(2046beae207d6db4199c40c4d14f4141) Importer(2089858483,b0f066a214c2f5e87bad3c948f4d605d)
Start importing Assets/Blake/Imported Assets/Models/Environment/Walls and Floors/Prefabs/Wood/Floors/Floor-Wood (1).prefab using Guid(2046beae207d6db4199c40c4d14f4141) Importer(2089858483,b0f066a214c2f5e87bad3c948f4d605d) (ScriptedImporter) -> (artifact id: '5f4c15080d0ae4951efe4e57c25c4420') in 0.0080625 seconds
Number of updated asset objects reloaded before import = 0Number of asset objects unloaded after import = 9

========================================================================
Received Import Request.
  Time since last request: 0.000019 seconds.
  path: Assets/Blake/Imported Assets/Models/Environment/Walls and Floors/Prefabs/Wood/Walls/Wall-Wood (5).prefab
  artifactKey: Guid(88c0dc4641e543d4a9bbecbdd5f11f47) Importer(2089858483,b0f066a214c2f5e87bad3c948f4d605d)
Start importing Assets/Blake/Imported Assets/Models/Environment/Walls and Floors/Prefabs/Wood/Walls/Wall-Wood (5).prefab using Guid(88c0dc4641e543d4a9bbecbdd5f11f47) Importer(2089858483,b0f066a214c2f5e87bad3c948f4d605d) (ScriptedImporter) -> (artifact id: '22a5d6b170144d7941c148b25703baa7') in 0.008424 seconds
Number of updated asset objects reloaded before import = 0Number of asset objects unloaded after import = 9

========================================================================
Received Import Request.
  Time since last request: 0.000035 seconds.
  path: Assets/Blake/Imported Assets/Models/Environment/Walls and Floors/Prefabs/Wood/Corners/Corner-Wood (4).prefab
  artifactKey: Guid(c4966d711f437fe44bbd7d3261a38732) Importer(2089858483,b0f066a214c2f5e87bad3c948f4d605d)
Start importing Assets/Blake/Imported Assets/Models/Environment/Walls and Floors/Prefabs/Wood/Corners/Corner-Wood (4).prefab using Guid(c4966d711f437fe44bbd7d3261a38732) Importer(2089858483,b0f066a214c2f5e87bad3c948f4d605d) (ScriptedImporter) -> (artifact id: '7ec3066156b7b1aa4207c1ddf36bf5e8') in 0.0087831 seconds
Number of updated asset objects reloaded before import = 0Number of asset objects unloaded after import = 9

========================================================================
Received Import Request.
  Time since last request: 0.000013 seconds.
  path: Assets/Blake/Imported Assets/Models/Environment/Walls and Floors/Models/Wood/Wall-Wood-Model-04.fbx
  artifactKey: Guid(4530d001dac31db4e9b983bd62e2658a) Importer(2089858483,b0f066a214c2f5e87bad3c948f4d605d)
Start importing Assets/Blake/Imported Assets/Models/Environment/Walls and Floors/Models/Wood/Wall-Wood-Model-04.fbx using Guid(4530d001dac31db4e9b983bd62e2658a) Importer(2089858483,b0f066a214c2f5e87bad3c948f4d605d) (ScriptedImporter) -> (artifact id: 'b025ed27505ce290aa475f32458993ed') in 0.0091343 seconds
Number of updated asset objects reloaded before import = 0Number of asset objects unloaded after import = 8

========================================================================
Received Import Request.
  Time since last request: 0.000017 seconds.
  path: Assets/Blake/Imported Assets/Materials/strata-rock2-unity/strata-rock-2_ao.png
  artifactKey: Guid(7f3b23ea3242b01469e00e2e59de5ed4) Importer(2089858483,b0f066a214c2f5e87bad3c948f4d605d)
Start importing Assets/Blake/Imported Assets/Materials/strata-rock2-unity/strata-rock-2_ao.png using Guid(7f3b23ea3242b01469e00e2e59de5ed4) Importer(2089858483,b0f066a214c2f5e87bad3c948f4d605d) (ScriptedImporter) -> (artifact id: '91acb0c8689bef3b27436bc4d3aed2b0') in 0.0102222 seconds
Number of updated asset objects reloaded before import = 0Number of asset objects unloaded after import = 1

========================================================================
Received Import Request.
  Time since last request: 0.000011 seconds.
  path: Assets/IsaacR/Fantasy Skybox FREE/Cubemaps/Classic/FS000_Day_05.mat
  artifactKey: Guid(e11f5b66aad75483b8cd16ee18a0c917) Importer(2089858483,b0f066a214c2f5e87bad3c948f4d605d)
Start importing Assets/IsaacR/Fantasy Skybox FREE/Cubemaps/Classic/FS000_Day_05.mat using Guid(e11f5b66aad75483b8cd16ee18a0c917) Importer(2089858483,b0f066a214c2f5e87bad3c948f4d605d) (ScriptedImporter) -> (artifact id: '14d9e8aa41ebd809443af68909306f51') in 0.005456 seconds
Number of updated asset objects reloaded before import = 0Number of asset objects unloaded after import = 2

========================================================================
Received Import Request.
  Time since last request: 0.000014 seconds.
  path: Assets/IsaacR/Polyeler/Simple Train Pack/Prefabs/Rail/Rail.L.prefab
  artifactKey: Guid(517270438cf53f64cb4b74dcb8df6e21) Importer(2089858483,b0f066a214c2f5e87bad3c948f4d605d)
Start importing Assets/IsaacR/Polyeler/Simple Train Pack/Prefabs/Rail/Rail.L.prefab using Guid(517270438cf53f64cb4b74dcb8df6e21) Importer(2089858483,b0f066a214c2f5e87bad3c948f4d605d) (ScriptedImporter) -> (artifact id: 'a7a3a88ad21389d33cbbdc5555d37ee7') in 0.0060436 seconds
Number of updated asset objects reloaded before import = 0Number of asset objects unloaded after import = 14

========================================================================
Received Import Request.
  Time since last request: 0.000020 seconds.
  path: Assets/IsaacR/Fantasy Skybox FREE/Panoramics/FS002/FS002_Day_Sunless.png
  artifactKey: Guid(e2c576b6d07638b468b5ba303a3a07cb) Importer(2089858483,b0f066a214c2f5e87bad3c948f4d605d)
Start importing Assets/IsaacR/Fantasy Skybox FREE/Panoramics/FS002/FS002_Day_Sunless.png using Guid(e2c576b6d07638b468b5ba303a3a07cb) Importer(2089858483,b0f066a214c2f5e87bad3c948f4d605d) (ScriptedImporter) -> (artifact id: 'ca42fb40b637b18ef04b5d1828095b50') in 0.0078038 seconds
Number of updated asset objects reloaded before import = 0Number of asset objects unloaded after import = 1

========================================================================
Received Import Request.
  Time since last request: 0.000012 seconds.
  path: Assets/IsaacR/Fantasy Skybox FREE/Panoramics/FS017/FS017_Rainy.mat
  artifactKey: Guid(7a8675eb396637d43b4ba0a69cc715a5) Importer(2089858483,b0f066a214c2f5e87bad3c948f4d605d)
Start importing Assets/IsaacR/Fantasy Skybox FREE/Panoramics/FS017/FS017_Rainy.mat using Guid(7a8675eb396637d43b4ba0a69cc715a5) Importer(2089858483,b0f066a214c2f5e87bad3c948f4d605d) (ScriptedImporter) -> (artifact id: 'a26098eedead46624754fb83ba0cfb4b') in 0.0056297 seconds
Number of updated asset objects reloaded before import = 0Number of asset objects unloaded after import = 2

========================================================================
Received Import Request.
  Time since last request: 0.000012 seconds.
  path: Assets/IsaacR/Models and Prefabs/Walls and Floors/Models/Wood/Door-Wood-Model-01.fbx
  artifactKey: Guid(e865b034232a3194c9c78efe81ae1d3b) Importer(2089858483,b0f066a214c2f5e87bad3c948f4d605d)
Start importing Assets/IsaacR/Models and Prefabs/Walls and Floors/Models/Wood/Door-Wood-Model-01.fbx using Guid(e865b034232a3194c9c78efe81ae1d3b) Importer(2089858483,b0f066a214c2f5e87bad3c948f4d605d) (ScriptedImporter) -> (artifact id: '363c809d0b9df0960586bdcbd1a2213d') in 0.0110874 seconds
Number of updated asset objects reloaded before import = 0Number of asset objects unloaded after import = 8

========================================================================
Received Import Request.
  Time since last request: 0.000015 seconds.
  path: Assets/Chris-Good/Settings/Mobile_RPAsset.asset
  artifactKey: Guid(eb31de6ac8c53fc48a5c27af78dd8c60) Importer(2089858483,b0f066a214c2f5e87bad3c948f4d605d)
Start importing Assets/Chris-Good/Settings/Mobile_RPAsset.asset using Guid(eb31de6ac8c53fc48a5c27af78dd8c60) Importer(2089858483,b0f066a214c2f5e87bad3c948f4d605d) (ScriptedImporter) -> (artifact id: '847b2839744be6cc6e794c9ad6bd3c89') in 0.0116609 seconds
Number of updated asset objects reloaded before import = 0Number of asset objects unloaded after import = 2

========================================================================
Received Import Request.
  Time since last request: 0.000014 seconds.
  path: Assets/Chris-Good/Models and Prefabs/Walls and Floors/Prefabs/Wood/Doors/Door-Wood (2).prefab
  artifactKey: Guid(e0b0c053e40a384448c81a43832c8bfb) Importer(2089858483,b0f066a214c2f5e87bad3c948f4d605d)
Start importing Assets/Chris-Good/Models and Prefabs/Walls and Floors/Prefabs/Wood/Doors/Door-Wood (2).prefab using Guid(e0b0c053e40a384448c81a43832c8bfb) Importer(2089858483,b0f066a214c2f5e87bad3c948f4d605d) (ScriptedImporter) -> (artifact id: '02c9f75a76cda08b66bb73d437f6fcf4') in 0.0076852 seconds
Number of updated asset objects reloaded before import = 0Number of asset objects unloaded after import = 11

========================================================================
Received Import Request.
  Time since last request: 0.000021 seconds.
  path: Assets/Chris-Good/Materials and Textures/Materials/Wood Texture Seamless.mat
  artifactKey: Guid(281aac37893db9e4f8867b60c8a32a7b) Importer(2089858483,b0f066a214c2f5e87bad3c948f4d605d)
Start importing Assets/Chris-Good/Materials and Textures/Materials/Wood Texture Seamless.mat using Guid(281aac37893db9e4f8867b60c8a32a7b) Importer(2089858483,b0f066a214c2f5e87bad3c948f4d605d) (ScriptedImporter) -> (artifact id: 'e923aa1a0f0cab32b4b17921ef5ae731') in 0.0063068 seconds
Number of updated asset objects reloaded before import = 0Number of asset objects unloaded after import = 2

========================================================================
Received Import Request.
  Time since last request: 0.000017 seconds.
  path: Assets/Chris-Good/Models and Prefabs/Walls and Floors/Models/Wood/materials/Floor-Wood-Model-02.png
  artifactKey: Guid(0198927ceaa3e614fb66d7ade8bc1fc0) Importer(2089858483,b0f066a214c2f5e87bad3c948f4d605d)
Start importing Assets/Chris-Good/Models and Prefabs/Walls and Floors/Models/Wood/materials/Floor-Wood-Model-02.png using Guid(0198927ceaa3e614fb66d7ade8bc1fc0) Importer(2089858483,b0f066a214c2f5e87bad3c948f4d605d) (ScriptedImporter) -> (artifact id: '5e26c9e0e6c3ee17dec3d6263f8e4bd5') in 0.0073576 seconds
Number of updated asset objects reloaded before import = 0Number of asset objects unloaded after import = 1

========================================================================
Received Import Request.
  Time since last request: 0.000012 seconds.
  path: Assets/IsaacR/TextMesh Pro/Shaders/TMPro.cginc
  artifactKey: Guid(407bc68d299748449bbf7f48ee690f8d) Importer(2089858483,b0f066a214c2f5e87bad3c948f4d605d)
Start importing Assets/IsaacR/TextMesh Pro/Shaders/TMPro.cginc using Guid(407bc68d299748449bbf7f48ee690f8d) Importer(2089858483,b0f066a214c2f5e87bad3c948f4d605d) (ScriptedImporter) -> (artifact id: 'c69ed007b380f8b4e122f23d6b660af9') in 0.0056872 seconds
Number of updated asset objects reloaded before import = 0Number of asset objects unloaded after import = 1

========================================================================
Received Import Request.
  Time since last request: 0.000012 seconds.
  path: Assets/IsaacR/Third Person Controller/Animations/t_pose.fbx
  artifactKey: Guid(2616690158474034d9f128b5b101c89b) Importer(2089858483,b0f066a214c2f5e87bad3c948f4d605d)
Start importing Assets/IsaacR/Third Person Controller/Animations/t_pose.fbx using Guid(2616690158474034d9f128b5b101c89b) Importer(2089858483,b0f066a214c2f5e87bad3c948f4d605d) (ScriptedImporter) -> (artifact id: '7deead8421c20e07f184336c31093b22') in 0.0156546 seconds
Number of updated asset objects reloaded before import = 0Number of asset objects unloaded after import = 153

========================================================================
Received Import Request.
  Time since last request: 0.000017 seconds.
  path: Assets/IsaacR/scripts/Pickup.cs
  artifactKey: Guid(84f4f603852e046b6abd1de539d0b0af) Importer(2089858483,b0f066a214c2f5e87bad3c948f4d605d)
Start importing Assets/IsaacR/scripts/Pickup.cs using Guid(84f4f603852e046b6abd1de539d0b0af) Importer(2089858483,b0f066a214c2f5e87bad3c948f4d605d) (ScriptedImporter) -> (artifact id: '8bea6ebc68c06fa5b6f5ffdbe6dbe250') in 0.0035222 seconds
Number of updated asset objects reloaded before import = 0Number of asset objects unloaded after import = 0

========================================================================
Received Import Request.
  Time since last request: 0.000026 seconds.
  path: Assets/Chris-Good/Models and Prefabs/Walls and Floors/Demo Scenes/Asset Lineup SceneSettings.lighting
  artifactKey: Guid(338a59aed6c8c6e4fad850e0f8cad97b) Importer(2089858483,b0f066a214c2f5e87bad3c948f4d605d)
Start importing Assets/Chris-Good/Models and Prefabs/Walls and Floors/Demo Scenes/Asset Lineup SceneSettings.lighting using Guid(338a59aed6c8c6e4fad850e0f8cad97b) Importer(2089858483,b0f066a214c2f5e87bad3c948f4d605d) (ScriptedImporter) -> (artifact id: '84b27c70c3c19be306207b8ea087597d') in 0.0066102 seconds
Number of updated asset objects reloaded before import = 0Number of asset objects unloaded after import = 1

========================================================================
Received Import Request.
  Time since last request: 0.000015 seconds.
  path: Assets/Chris-Good/Settings/Mobile_Renderer.asset
  artifactKey: Guid(a3cd1ba641cee2042b75b5b1fe4a009e) Importer(2089858483,b0f066a214c2f5e87bad3c948f4d605d)
Start importing Assets/Chris-Good/Settings/Mobile_Renderer.asset using Guid(a3cd1ba641cee2042b75b5b1fe4a009e) Importer(2089858483,b0f066a214c2f5e87bad3c948f4d605d) (ScriptedImporter) -> (artifact id: '3c772aa6c746a949237d11c749617604') in 0.0085054 seconds
Number of updated asset objects reloaded before import = 0Number of asset objects unloaded after import = 1

========================================================================
Received Import Request.
  Time since last request: 0.000013 seconds.
  path: Assets/Chris-Good/Scripts/GameManager.cs
  artifactKey: Guid(eaa47712db4f6a7489d54cfebcf3d3ac) Importer(2089858483,b0f066a214c2f5e87bad3c948f4d605d)
Start importing Assets/Chris-Good/Scripts/GameManager.cs using Guid(eaa47712db4f6a7489d54cfebcf3d3ac) Importer(2089858483,b0f066a214c2f5e87bad3c948f4d605d) (ScriptedImporter) -> (artifact id: '4f3c692748c7c6fcf13fa7c527832310') in 0.0037821 seconds
Number of updated asset objects reloaded before import = 0Number of asset objects unloaded after import = 0

========================================================================
Received Import Request.
  Time since last request: 0.000014 seconds.
  path: Assets/IsaacR/TextMesh Pro/Shaders/TMP_Bitmap.shader
  artifactKey: Guid(128e987d567d4e2c824d754223b3f3b0) Importer(2089858483,b0f066a214c2f5e87bad3c948f4d605d)
Start importing Assets/IsaacR/TextMesh Pro/Shaders/TMP_Bitmap.shader using Guid(128e987d567d4e2c824d754223b3f3b0) Importer(2089858483,b0f066a214c2f5e87bad3c948f4d605d) (ScriptedImporter) -> (artifact id: '68b75a640d7d95117c6b9f22171ca292') in 0.0043611 seconds
Number of updated asset objects reloaded before import = 0Number of asset objects unloaded after import = 1

========================================================================
Received Import Request.
  Time since last request: 0.000015 seconds.
  path: Assets/Chris-Good/AK Studio Art/Bust Of Sappho/Prefabs/Bust Of Sappho 1.prefab
  artifactKey: Guid(9998822898a821340bfeffd88b666862) Importer(2089858483,b0f066a214c2f5e87bad3c948f4d605d)
Start importing Assets/Chris-Good/AK Studio Art/Bust Of Sappho/Prefabs/Bust Of Sappho 1.prefab using Guid(9998822898a821340bfeffd88b666862) Importer(2089858483,b0f066a214c2f5e87bad3c948f4d605d) (ScriptedImporter) -> (artifact id: '28fd4efa3c98f5c7672f4a30f9540fe1') in 0.0069782 seconds
Number of updated asset objects reloaded before import = 0Number of asset objects unloaded after import = 8

========================================================================
Received Import Request.
  Time since last request: 0.000016 seconds.
  path: Assets/Blake/Imported Assets/Animations/turn.fbx
  artifactKey: Guid(fe5a3f78955de764190c2a53523ae0b4) Importer(2089858483,b0f066a214c2f5e87bad3c948f4d605d)
Start importing Assets/Blake/Imported Assets/Animations/turn.fbx using Guid(fe5a3f78955de764190c2a53523ae0b4) Importer(2089858483,b0f066a214c2f5e87bad3c948f4d605d) (ScriptedImporter) -> (artifact id: 'ab870b173dd3a23f8482460750650be1') in 0.01442 seconds
Number of updated asset objects reloaded before import = 0Number of asset objects unloaded after import = 147

========================================================================
Received Import Request.
  Time since last request: 0.000019 seconds.
  path: Assets/IsaacR/Fantasy Skybox FREE/Panoramics/FS003/FS003_Sunset.png
  artifactKey: Guid(846cce7d90ad21b4b80fcb937193081e) Importer(2089858483,b0f066a214c2f5e87bad3c948f4d605d)
Start importing Assets/IsaacR/Fantasy Skybox FREE/Panoramics/FS003/FS003_Sunset.png using Guid(846cce7d90ad21b4b80fcb937193081e) Importer(2089858483,b0f066a214c2f5e87bad3c948f4d605d) (ScriptedImporter) -> (artifact id: '720d1f5091df1f90956409089b52db64') in 0.0084321 seconds
Number of updated asset objects reloaded before import = 0Number of asset objects unloaded after import = 1

========================================================================
Received Import Request.
  Time since last request: 0.000014 seconds.
  path: Assets/IsaacR/Fantasy Skybox FREE/Cubemaps/Classic/FS000_Day_02_Sunless.mat
  artifactKey: Guid(99a400087584f4263b1a8979d6007ad4) Importer(2089858483,b0f066a214c2f5e87bad3c948f4d605d)
Start importing Assets/IsaacR/Fantasy Skybox FREE/Cubemaps/Classic/FS000_Day_02_Sunless.mat using Guid(99a400087584f4263b1a8979d6007ad4) Importer(2089858483,b0f066a214c2f5e87bad3c948f4d605d) (ScriptedImporter) -> (artifact id: 'b0b70363a655050f108c4f70e80bd932') in 0.0060843 seconds
Number of updated asset objects reloaded before import = 0Number of asset objects unloaded after import = 2

========================================================================
Received Import Request.
  Time since last request: 0.000015 seconds.
  path: Assets/Chris-Good/Audio/room ambience.mp3
  artifactKey: Guid(79bb68ac0dff2424c9beb4a8712cfa42) Importer(2089858483,b0f066a214c2f5e87bad3c948f4d605d)
Start importing Assets/Chris-Good/Audio/room ambience.mp3 using Guid(79bb68ac0dff2424c9beb4a8712cfa42) Importer(2089858483,b0f066a214c2f5e87bad3c948f4d605d) (ScriptedImporter) -> (artifact id: 'fe14858c3df2fb092ae6be284d26dbc5') in 0.021896 seconds
Number of updated asset objects reloaded before import = 0Number of asset objects unloaded after import = 1

Editor requested this worker to shutdown with reason: Scaling down because of idle timeout
AssetImportWorker is now disconnected from the server
Process exiting
Exiting without the bug reporter. Application will terminate with return code 0